Entity,Code,Year,percent_users
Afghanistan,AFG,2004,0.0
Afghanistan,AFG,2005,0.0
Afghanistan,AFG,2006,0.0
Afghanistan,AFG,2007,0.0
Afghanistan,AFG,2008,0.0
Afghanistan,AFG,2009,0.0
Afghanistan,AFG,2010,0.01
Afghanistan,AFG,2012,0.0
Afghanistan,AFG,2013,0.0
Afghanistan,AFG,2014,0.0
Afghanistan,AFG,2015,0.02
Afghanistan,AFG,2016,0.02
Afghanistan,AFG,2017,0.03
Afghanistan,AFG,2018,0.04
Afghanistan,AFG,2019,0.05
Afghanistan,AFG,2020,0.07
Albania,ALB,2005,0.01
Albania,ALB,2007,0.33
Albania,ALB,2008,2.13
Albania,ALB,2009,3.09
Albania,ALB,2010,3.58
Albania,ALB,2011,4.38
Albania,ALB,2012,5.49
Albania,ALB,2013,6.29
Albania,ALB,2014,7.18
Albania,ALB,2015,8.4
Albania,ALB,2016,9.23
Albania,ALB,2017,10.53
Albania,ALB,2018,12.56
Albania,ALB,2019,15.14
Albania,ALB,2020,17.68
Algeria,DZA,2003,0.06
Algeria,DZA,2004,0.11
Algeria,DZA,2005,0.41
Algeria,DZA,2006,0.51
Algeria,DZA,2007,0.84
Algeria,DZA,2008,1.4
Algeria,DZA,2009,2.32
Algeria,DZA,2010,2.5
Algeria,DZA,2011,2.68
Algeria,DZA,2012,3.09
Algeria,DZA,2013,3.36
Algeria,DZA,2014,4.11
Algeria,DZA,2015,5.71
Algeria,DZA,2016,7.05
Algeria,DZA,2017,7.76
Algeria,DZA,2018,7.26
Algeria,DZA,2019,8.32
Algeria,DZA,2020,8.64
Andorra,AND,2002,1.64
Andorra,AND,2003,4.92
Andorra,AND,2004,8.24
Andorra,AND,2005,13.11
Andorra,AND,2006,18.05
Andorra,AND,2007,22.41
Andorra,AND,2008,24.65
Andorra,AND,2009,27.16
Andorra,AND,2010,29.01
Andorra,AND,2011,30.76
Andorra,AND,2012,32.64
Andorra,AND,2013,34.34
Andorra,AND,2014,36.32
Andorra,AND,2015,39.35
Andorra,AND,2016,42.03
Andorra,AND,2017,44.52
Andorra,AND,2018,46.31
Andorra,AND,2019,47.13
Andorra,AND,2020,47.89
Angola,AGO,2006,0.04
Angola,AGO,2007,0.06
Angola,AGO,2008,0.07
Angola,AGO,2009,0.07
Angola,AGO,2010,0.06
Angola,AGO,2011,0.07
Angola,AGO,2012,0.08
Angola,AGO,2013,0.09
Angola,AGO,2014,0.33
Angola,AGO,2015,0.55
Angola,AGO,2016,0.29
Angola,AGO,2017,0.33
Angola,AGO,2018,0.36
Angola,AGO,2019,0.37
Angola,AGO,2020,0.7
Antigua and Barbuda,ATG,2004,2.07
Antigua and Barbuda,ATG,2005,7.12
Antigua and Barbuda,ATG,2006,1.86
Antigua and Barbuda,ATG,2007,2.7
Antigua and Barbuda,ATG,2008,5.84
Antigua and Barbuda,ATG,2009,18.46
Antigua and Barbuda,ATG,2010,8.09
Antigua and Barbuda,ATG,2011,6.72
Antigua and Barbuda,ATG,2012,14.46
Antigua and Barbuda,ATG,2013,17.1
Antigua and Barbuda,ATG,2014,11.62
Antigua and Barbuda,ATG,2015,10.69
Antigua and Barbuda,ATG,2016,9.8
Antigua and Barbuda,ATG,2017,9.43
Antigua and Barbuda,ATG,2019,8.24
Antigua and Barbuda,ATG,2020,8.17
Argentina,ARG,2001,0.25
Argentina,ARG,2002,0.39
Argentina,ARG,2003,0.68
Argentina,ARG,2004,1.41
Argentina,ARG,2005,2.38
Argentina,ARG,2006,4.03
Argentina,ARG,2007,6.55
Argentina,ARG,2008,7.77
Argentina,ARG,2009,8.67
Argentina,ARG,2010,9.85
Argentina,ARG,2011,11.06
Argentina,ARG,2012,12.33
Argentina,ARG,2013,14.81
Argentina,ARG,2014,15.29
Argentina,ARG,2015,15.92
Argentina,ARG,2016,16.67
Argentina,ARG,2017,17.85
Argentina,ARG,2018,19.1
Argentina,ARG,2019,19.64
Argentina,ARG,2020,21.18
Armenia,ARM,2001,0.0
Armenia,ARM,2002,0.0
Armenia,ARM,2003,0.0
Armenia,ARM,2004,0.03
Armenia,ARM,2005,0.07
Armenia,ARM,2007,0.13
Armenia,ARM,2008,0.47
Armenia,ARM,2009,1.38
Armenia,ARM,2010,3.25
Armenia,ARM,2011,5.58
Armenia,ARM,2012,7.35
Armenia,ARM,2013,8.39
Armenia,ARM,2014,9.37
Armenia,ARM,2015,9.79
Armenia,ARM,2016,10.19
Armenia,ARM,2017,10.71
Armenia,ARM,2018,11.77
Armenia,ARM,2019,13.04
Armenia,ARM,2020,14.52
Aruba,ABW,2003,1.44
Aruba,ABW,2004,7.05
Aruba,ABW,2005,12.27
Aruba,ABW,2006,13.84
Aruba,ABW,2007,15.8
Aruba,ABW,2008,18.15
Aruba,ABW,2009,18.53
Aruba,ABW,2010,18.9
Aruba,ABW,2013,18.61
Aruba,ABW,2014,18.5
Aruba,ABW,2015,18.21
Aruba,ABW,2019,17.87
Aruba,ABW,2020,17.8
Australia,AUS,2001,0.64
Australia,AUS,2002,1.33
Australia,AUS,2003,2.63
Australia,AUS,2004,5.09
Australia,AUS,2005,9.99
Australia,AUS,2006,19.0
Australia,AUS,2008,24.92
Australia,AUS,2009,24.0
Australia,AUS,2010,24.87
Australia,AUS,2011,24.63
Australia,AUS,2012,25.04
Australia,AUS,2013,25.72
Australia,AUS,2014,27.7
Australia,AUS,2015,28.53
Australia,AUS,2016,30.39
Australia,AUS,2017,32.22
Australia,AUS,2018,33.85
Australia,AUS,2019,34.93
Australia,AUS,2020,35.68
Austria,AUT,1999,0.63
Austria,AUT,2000,2.36
Austria,AUT,2001,3.96
Austria,AUT,2002,5.54
Austria,AUT,2003,7.35
Austria,AUT,2004,10.59
Austria,AUT,2005,14.22
Austria,AUT,2006,17.28
Austria,AUT,2007,19.51
Austria,AUT,2008,20.73
Austria,AUT,2009,22.44
Austria,AUT,2010,24.38
Austria,AUT,2011,24.81
Austria,AUT,2012,25.05
Austria,AUT,2013,26.09
Austria,AUT,2014,27.38
Austria,AUT,2015,28.29
Austria,AUT,2016,28.85
Austria,AUT,2017,28.47
Austria,AUT,2018,28.36
Austria,AUT,2019,28.13
Austria,AUT,2020,28.93
Azerbaijan,AZE,2002,0.01
Azerbaijan,AZE,2005,0.03
Azerbaijan,AZE,2006,0.05
Azerbaijan,AZE,2007,0.17
Azerbaijan,AZE,2008,0.68
Azerbaijan,AZE,2009,1.12
Azerbaijan,AZE,2010,5.26
Azerbaijan,AZE,2011,10.65
Azerbaijan,AZE,2012,14.78
Azerbaijan,AZE,2013,18.24
Azerbaijan,AZE,2014,19.97
Azerbaijan,AZE,2015,19.74
Azerbaijan,AZE,2016,18.53
Azerbaijan,AZE,2017,18.34
Azerbaijan,AZE,2018,19.01
Azerbaijan,AZE,2019,19.34
Azerbaijan,AZE,2020,19.68
Bahamas,BHS,2001,1.37
Bahamas,BHS,2002,2.45
Bahamas,BHS,2003,3.49
Bahamas,BHS,2004,4.01
Bahamas,BHS,2005,4.12
Bahamas,BHS,2006,5.01
Bahamas,BHS,2007,6.08
Bahamas,BHS,2008,7.42
Bahamas,BHS,2009,9.04
Bahamas,BHS,2010,6.96
Bahamas,BHS,2011,4.31
Bahamas,BHS,2012,21.43
Bahamas,BHS,2013,19.74
Bahamas,BHS,2014,20.82
Bahamas,BHS,2015,21.65
Bahamas,BHS,2016,22.52
Bahamas,BHS,2017,22.75
Bahamas,BHS,2018,21.06
Bahamas,BHS,2019,21.13
Bahamas,BHS,2020,21.11
Bahrain,BHR,2001,0.17
Bahrain,BHR,2002,0.68
Bahrain,BHR,2003,1.25
Bahrain,BHR,2004,1.8
Bahrain,BHR,2005,2.41
Bahrain,BHR,2006,4.03
Bahrain,BHR,2007,6.59
Bahrain,BHR,2008,8.4
Bahrain,BHR,2009,11.77
Bahrain,BHR,2010,12.48
Bahrain,BHR,2011,22.81
Bahrain,BHR,2012,22.72
Bahrain,BHR,2013,22.82
Bahrain,BHR,2014,21.52
Bahrain,BHR,2015,18.45
Bahrain,BHR,2016,16.3
Bahrain,BHR,2017,13.0
Bahrain,BHR,2018,8.05
Bahrain,BHR,2019,8.59
Bahrain,BHR,2020,8.75
Bangladesh,BGD,2007,0.03
Bangladesh,BGD,2008,0.03
Bangladesh,BGD,2009,0.22
Bangladesh,BGD,2010,0.28
Bangladesh,BGD,2011,0.31
Bangladesh,BGD,2012,0.4
Bangladesh,BGD,2013,1.0
Bangladesh,BGD,2014,2.0
Bangladesh,BGD,2015,3.13
Bangladesh,BGD,2016,4.17
Bangladesh,BGD,2017,4.57
Bangladesh,BGD,2018,4.99
Bangladesh,BGD,2019,4.96
Bangladesh,BGD,2020,6.1
Barbados,BRB,2003,9.96
Barbados,BRB,2004,10.76
Barbados,BRB,2005,11.56
Barbados,BRB,2006,13.98
Barbados,BRB,2007,16.91
Barbados,BRB,2008,17.58
Barbados,BRB,2009,20.39
Barbados,BRB,2010,19.92
Barbados,BRB,2011,22.13
Barbados,BRB,2012,23.58
Barbados,BRB,2013,23.85
Barbados,BRB,2014,27.29
Barbados,BRB,2015,27.43
Barbados,BRB,2016,30.4
Barbados,BRB,2017,31.21
Barbados,BRB,2018,31.17
Barbados,BRB,2019,37.21
Barbados,BRB,2020,44.54
Belarus,BLR,2002,0.0
Belarus,BLR,2003,0.0
Belarus,BLR,2004,0.01
Belarus,BLR,2005,0.02
Belarus,BLR,2006,0.12
Belarus,BLR,2007,1.79
Belarus,BLR,2008,5.06
Belarus,BLR,2009,11.58
Belarus,BLR,2010,17.69
Belarus,BLR,2011,22.28
Belarus,BLR,2012,26.89
Belarus,BLR,2013,29.56
Belarus,BLR,2014,28.46
Belarus,BLR,2015,30.76
Belarus,BLR,2016,32.48
Belarus,BLR,2017,33.47
Belarus,BLR,2018,33.87
Belarus,BLR,2019,34.01
Belarus,BLR,2020,34.45
Belgium,BEL,1998,0.11
Belgium,BEL,1999,0.22
Belgium,BEL,2000,1.4
Belgium,BEL,2001,4.46
Belgium,BEL,2002,7.87
Belgium,BEL,2003,11.93
Belgium,BEL,2004,15.46
Belgium,BEL,2005,19.06
Belgium,BEL,2006,23.09
Belgium,BEL,2007,25.52
Belgium,BEL,2008,27.67
Belgium,BEL,2009,29.04
Belgium,BEL,2010,30.84
Belgium,BEL,2011,32.18
Belgium,BEL,2012,33.31
Belgium,BEL,2013,34.33
Belgium,BEL,2014,35.75
Belgium,BEL,2015,36.51
Belgium,BEL,2016,37.61
Belgium,BEL,2017,38.35
Belgium,BEL,2018,39.22
Belgium,BEL,2019,39.78
Belgium,BEL,2020,40.85
Belize,BLZ,2003,0.35
Belize,BLZ,2004,1.02
Belize,BLZ,2005,1.77
Belize,BLZ,2006,2.49
Belize,BLZ,2007,2.5
Belize,BLZ,2008,2.62
Belize,BLZ,2009,2.65
Belize,BLZ,2010,2.76
Belize,BLZ,2011,2.94
Belize,BLZ,2012,2.95
Belize,BLZ,2013,2.86
Belize,BLZ,2014,2.8
Belize,BLZ,2015,4.82
Belize,BLZ,2016,4.99
Belize,BLZ,2017,5.06
Belize,BLZ,2018,6.44
Belize,BLZ,2019,7.58
Belize,BLZ,2020,9.05
Benin,BEN,2002,0.0
Benin,BEN,2003,0.0
Benin,BEN,2004,0.0
Benin,BEN,2005,0.0
Benin,BEN,2006,0.02
Benin,BEN,2007,0.01
Benin,BEN,2008,0.1
Benin,BEN,2009,0.21
Benin,BEN,2010,0.29
Benin,BEN,2011,0.4
Benin,BEN,2012,0.43
Benin,BEN,2013,0.42
Benin,BEN,2014,0.44
Benin,BEN,2015,0.69
Benin,BEN,2016,0.21
Benin,BEN,2017,0.26
Benin,BEN,2018,0.24
Benin,BEN,2019,0.22
Benin,BEN,2020,0.25
Bermuda,BMU,2005,27.9
Bermuda,BMU,2006,35.69
Bermuda,BMU,2007,43.55
Bermuda,BMU,2008,51.5
Bermuda,BMU,2009,60.91
Bermuda,BMU,2010,61.33
Bermuda,BMU,2013,62.28
Bermuda,BMU,2014,54.24
Bermuda,BMU,2015,47.1
Bermuda,BMU,2016,35.98
Bermuda,BMU,2017,36.18
Bermuda,BMU,2019,36.8
Bermuda,BMU,2020,36.93
Bhutan,BTN,2008,0.31
Bhutan,BTN,2009,0.5
Bhutan,BTN,2010,1.27
Bhutan,BTN,2011,1.91
Bhutan,BTN,2012,2.39
Bhutan,BTN,2013,2.88
Bhutan,BTN,2014,3.47
Bhutan,BTN,2015,3.83
Bhutan,BTN,2016,2.24
Bhutan,BTN,2017,2.24
Bhutan,BTN,2018,1.43
Bhutan,BTN,2019,1.15
Bhutan,BTN,2020,0.41
Bolivia,BOL,2002,0.04
Bolivia,BOL,2003,0.06
Bolivia,BOL,2004,0.1
Bolivia,BOL,2005,0.14
Bolivia,BOL,2006,0.19
Bolivia,BOL,2007,0.36
Bolivia,BOL,2008,0.82
Bolivia,BOL,2009,0.97
Bolivia,BOL,2010,0.95
Bolivia,BOL,2011,0.72
Bolivia,BOL,2012,1.12
Bolivia,BOL,2013,1.46
Bolivia,BOL,2014,1.61
Bolivia,BOL,2015,1.66
Bolivia,BOL,2016,2.61
Bolivia,BOL,2017,3.39
Bolivia,BOL,2018,4.44
Bolivia,BOL,2019,6.49
Bolivia,BOL,2020,7.98
Bosnia and Herzegovina,BIH,2000,0.0
Bosnia and Herzegovina,BIH,2001,0.0
Bosnia and Herzegovina,BIH,2002,0.01
Bosnia and Herzegovina,BIH,2003,0.04
Bosnia and Herzegovina,BIH,2004,0.18
Bosnia and Herzegovina,BIH,2005,0.36
Bosnia and Herzegovina,BIH,2006,1.06
Bosnia and Herzegovina,BIH,2007,2.25
Bosnia and Herzegovina,BIH,2008,5.02
Bosnia and Herzegovina,BIH,2009,7.82
Bosnia and Herzegovina,BIH,2010,10.55
Bosnia and Herzegovina,BIH,2011,11.75
Bosnia and Herzegovina,BIH,2012,13.02
Bosnia and Herzegovina,BIH,2013,14.57
Bosnia and Herzegovina,BIH,2014,15.58
Bosnia and Herzegovina,BIH,2015,18.52
Bosnia and Herzegovina,BIH,2016,19.56
Bosnia and Herzegovina,BIH,2017,20.9
Bosnia and Herzegovina,BIH,2018,21.55
Bosnia and Herzegovina,BIH,2019,22.6
Bosnia and Herzegovina,BIH,2020,23.48
Botswana,BWA,2005,0.09
Botswana,BWA,2006,0.1
Botswana,BWA,2007,0.19
Botswana,BWA,2008,0.46
Botswana,BWA,2009,0.51
Botswana,BWA,2010,0.6
Botswana,BWA,2011,0.95
Botswana,BWA,2012,1.09
Botswana,BWA,2013,1.05
Botswana,BWA,2014,1.59
Botswana,BWA,2015,1.74
Botswana,BWA,2016,2.73
Botswana,BWA,2017,1.47
Botswana,BWA,2018,1.78
Botswana,BWA,2019,2.14
Botswana,BWA,2020,11.04
Brazil,BRA,1998,0.0
Brazil,BRA,1999,0.0
Brazil,BRA,2000,0.06
Brazil,BRA,2001,0.19
Brazil,BRA,2002,0.41
Brazil,BRA,2003,0.53
Brazil,BRA,2004,1.72
Brazil,BRA,2005,1.74
Brazil,BRA,2006,2.53
Brazil,BRA,2007,4.0
Brazil,BRA,2008,5.22
Brazil,BRA,2009,6.05
Brazil,BRA,2010,7.2
Brazil,BRA,2011,9.03
Brazil,BRA,2012,9.59
Brazil,BRA,2013,10.63
Brazil,BRA,2014,11.82
Brazil,BRA,2015,12.46
Brazil,BRA,2016,13.03
Brazil,BRA,2017,13.91
Brazil,BRA,2018,14.91
Brazil,BRA,2019,15.59
Brazil,BRA,2020,17.1
British Virgin Islands,VGB,2009,28.44
British Virgin Islands,VGB,2010,24.75
British Virgin Islands,VGB,2011,25.78
British Virgin Islands,VGB,2012,25.95
British Virgin Islands,VGB,2013,21.43
British Virgin Islands,VGB,2014,22.05
British Virgin Islands,VGB,2015,22.85
British Virgin Islands,VGB,2016,21.18
British Virgin Islands,VGB,2017,16.92
British Virgin Islands,VGB,2018,15.82
British Virgin Islands,VGB,2019,19.74
British Virgin Islands,VGB,2020,22.29
Brunei,BRN,2001,0.56
Brunei,BRN,2002,0.8
Brunei,BRN,2003,1.09
Brunei,BRN,2004,1.74
Brunei,BRN,2005,2.23
Brunei,BRN,2006,2.42
Brunei,BRN,2007,3.1
Brunei,BRN,2008,4.45
Brunei,BRN,2009,5.22
Brunei,BRN,2010,5.58
Brunei,BRN,2011,5.89
Brunei,BRN,2012,4.97
Brunei,BRN,2013,6.81
Brunei,BRN,2014,7.38
Brunei,BRN,2015,8.3
Brunei,BRN,2016,8.6
Brunei,BRN,2017,9.68
Brunei,BRN,2018,11.53
Brunei,BRN,2019,12.51
Brunei,BRN,2020,16.25
Bulgaria,BGR,2004,0.09
Bulgaria,BGR,2005,2.15
Bulgaria,BGR,2006,5.04
Bulgaria,BGR,2007,8.3
Bulgaria,BGR,2008,11.21
Bulgaria,BGR,2009,13.35
Bulgaria,BGR,2010,15.15
Bulgaria,BGR,2011,17.03
Bulgaria,BGR,2012,18.16
Bulgaria,BGR,2013,19.5
Bulgaria,BGR,2014,20.44
Bulgaria,BGR,2015,22.42
Bulgaria,BGR,2016,23.74
Bulgaria,BGR,2017,25.3
Bulgaria,BGR,2018,27.0
Bulgaria,BGR,2019,28.78
Bulgaria,BGR,2020,30.44
Burkina Faso,BFA,2002,0.0
Burkina Faso,BFA,2003,0.0
Burkina Faso,BFA,2004,0.0
Burkina Faso,BFA,2005,0.0
Burkina Faso,BFA,2006,0.01
Burkina Faso,BFA,2007,0.05
Burkina Faso,BFA,2008,0.07
Burkina Faso,BFA,2009,0.08
Burkina Faso,BFA,2010,0.09
Burkina Faso,BFA,2011,0.09
Burkina Faso,BFA,2012,0.09
Burkina Faso,BFA,2013,0.08
Burkina Faso,BFA,2014,0.03
Burkina Faso,BFA,2015,0.05
Burkina Faso,BFA,2016,0.07
Burkina Faso,BFA,2017,0.06
Burkina Faso,BFA,2018,0.07
Burkina Faso,BFA,2019,0.06
Burkina Faso,BFA,2020,0.07
Burundi,BDI,2008,0.0
Burundi,BDI,2009,0.0
Burundi,BDI,2010,0.0
Burundi,BDI,2011,0.01
Burundi,BDI,2012,0.01
Burundi,BDI,2013,0.02
Burundi,BDI,2014,0.02
Burundi,BDI,2015,0.03
Burundi,BDI,2016,0.03
Burundi,BDI,2017,0.04
Burundi,BDI,2018,0.04
Burundi,BDI,2019,0.03
Burundi,BDI,2020,0.04
Cambodia,KHM,2002,0.0
Cambodia,KHM,2003,0.0
Cambodia,KHM,2004,0.01
Cambodia,KHM,2005,0.01
Cambodia,KHM,2006,0.02
Cambodia,KHM,2007,0.06
Cambodia,KHM,2008,0.12
Cambodia,KHM,2009,0.21
Cambodia,KHM,2010,0.25
Cambodia,KHM,2011,0.15
Cambodia,KHM,2012,0.2
Cambodia,KHM,2013,0.22
Cambodia,KHM,2014,0.43
Cambodia,KHM,2015,0.54
Cambodia,KHM,2016,0.62
Cambodia,KHM,2017,0.83
Cambodia,KHM,2018,1.02
Cambodia,KHM,2019,1.12
Cambodia,KHM,2020,1.4
Cameroon,CMR,2005,0.0
Cameroon,CMR,2006,0.0
Cameroon,CMR,2007,0.0
Cameroon,CMR,2008,0.0
Cameroon,CMR,2009,0.0
Cameroon,CMR,2010,0.03
Cameroon,CMR,2011,0.05
Cameroon,CMR,2012,0.06
Cameroon,CMR,2013,0.08
Cameroon,CMR,2014,0.07
Cameroon,CMR,2015,0.09
Cameroon,CMR,2016,1.52
Cameroon,CMR,2017,1.56
Cameroon,CMR,2018,1.57
Cameroon,CMR,2019,1.55
Cameroon,CMR,2020,2.72
Canada,CAN,1998,0.47
Canada,CAN,1999,1.92
Canada,CAN,2000,4.61
Canada,CAN,2001,9.18
Canada,CAN,2002,11.27
Canada,CAN,2003,14.33
Canada,CAN,2004,17.02
Canada,CAN,2005,21.78
Canada,CAN,2006,24.72
Canada,CAN,2007,27.56
Canada,CAN,2008,29.52
Canada,CAN,2009,30.49
Canada,CAN,2010,31.68
Canada,CAN,2011,32.67
Canada,CAN,2012,33.47
Canada,CAN,2013,34.27
Canada,CAN,2014,35.24
Canada,CAN,2015,36.4
Canada,CAN,2016,36.79
Canada,CAN,2017,37.91
Canada,CAN,2018,38.96
Canada,CAN,2019,40.48
Canada,CAN,2020,41.93
Cape Verde,CPV,2004,0.06
Cape Verde,CPV,2005,0.2
Cape Verde,CPV,2006,0.39
Cape Verde,CPV,2007,0.81
Cape Verde,CPV,2008,1.53
Cape Verde,CPV,2009,2.25
Cape Verde,CPV,2010,3.26
Cape Verde,CPV,2011,4.28
Cape Verde,CPV,2012,3.93
Cape Verde,CPV,2013,4.14
Cape Verde,CPV,2014,3.68
Cape Verde,CPV,2015,3.16
Cape Verde,CPV,2016,2.93
Cape Verde,CPV,2017,2.79
Cape Verde,CPV,2018,2.88
Cape Verde,CPV,2019,3.68
Cape Verde,CPV,2020,4.47
Cayman Islands,CYM,2008,32.56
Cayman Islands,CYM,2009,33.07
Cayman Islands,CYM,2010,33.27
Cayman Islands,CYM,2011,32.51
Cayman Islands,CYM,2012,32.78
Cayman Islands,CYM,2013,33.93
Cayman Islands,CYM,2014,38.57
Cayman Islands,CYM,2015,44.36
Cayman Islands,CYM,2016,39.21
Cayman Islands,CYM,2017,49.28
Cayman Islands,CYM,2019,78.52
Cayman Islands,CYM,2020,48.69
Central African Republic,CAF,2011,0.02
Central African Republic,CAF,2012,0.01
Central African Republic,CAF,2015,0.04
Central African Republic,CAF,2016,0.02
Central African Republic,CAF,2017,0.01
Central African Republic,CAF,2018,0.01
Central African Republic,CAF,2019,0.01
Chad,TCD,2009,0.0
Chad,TCD,2010,0.0
Chad,TCD,2011,0.13
Chad,TCD,2012,0.15
Chad,TCD,2013,0.11
Chad,TCD,2014,0.07
Chad,TCD,2015,0.08
Chad,TCD,2016,0.04
Chad,TCD,2017,0.0
Chad,TCD,2018,0.0
Chad,TCD,2019,0.0
Chad,TCD,2020,0.0
Chile,CHL,2000,0.05
Chile,CHL,2001,0.43
Chile,CHL,2002,1.2
Chile,CHL,2003,2.22
Chile,CHL,2004,2.99
Chile,CHL,2005,4.38
Chile,CHL,2006,6.19
Chile,CHL,2007,7.88
Chile,CHL,2008,8.54
Chile,CHL,2009,9.8
Chile,CHL,2010,10.49
Chile,CHL,2011,11.67
Chile,CHL,2012,12.45
Chile,CHL,2013,13.06
Chile,CHL,2014,14.02
Chile,CHL,2015,15.13
Chile,CHL,2016,15.95
Chile,CHL,2017,16.58
Chile,CHL,2018,17.36
Chile,CHL,2019,18.1
Chile,CHL,2020,19.69
China,CHN,2000,0.0
China,CHN,2001,0.03
China,CHN,2002,0.25
China,CHN,2003,0.85
China,CHN,2004,1.88
China,CHN,2005,2.81
China,CHN,2006,3.8
China,CHN,2007,4.93
China,CHN,2008,6.12
China,CHN,2009,7.64
China,CHN,2010,9.23
China,CHN,2011,11.37
China,CHN,2012,12.66
China,CHN,2013,13.57
China,CHN,2014,14.33
China,CHN,2015,19.69
China,CHN,2016,22.81
China,CHN,2017,27.74
China,CHN,2018,28.54
China,CHN,2019,31.34
China,CHN,2020,33.6
Colombia,COL,2000,0.02
Colombia,COL,2001,0.03
Colombia,COL,2002,0.09
Colombia,COL,2003,0.16
Colombia,COL,2004,0.3
Colombia,COL,2005,0.75
Colombia,COL,2006,1.45
Colombia,COL,2007,2.76
Colombia,COL,2008,4.0
Colombia,COL,2009,4.73
Colombia,COL,2010,5.84
Colombia,COL,2011,7.33
Colombia,COL,2012,8.55
Colombia,COL,2013,9.76
Colombia,COL,2014,10.71
Colombia,COL,2015,11.63
Colombia,COL,2016,12.27
Colombia,COL,2017,12.94
Colombia,COL,2018,13.45
Colombia,COL,2019,13.81
Colombia,COL,2020,15.26
Comoros,COM,2004,0.0
Comoros,COM,2005,0.0
Comoros,COM,2007,0.01
Comoros,COM,2008,0.02
Comoros,COM,2009,0.01
Comoros,COM,2010,0.05
Comoros,COM,2011,0.06
Comoros,COM,2012,0.17
Comoros,COM,2013,0.18
Comoros,COM,2014,0.21
Comoros,COM,2015,0.21
Comoros,COM,2016,0.21
Comoros,COM,2017,0.2
Comoros,COM,2018,0.18
Comoros,COM,2019,0.15
Comoros,COM,2020,0.12
Congo,COG,2009,0.0
Congo,COG,2010,0.01
Congo,COG,2011,0.03
Congo,COG,2012,0.03
Congo,COG,2013,0.01
Congo,COG,2014,0.01
Congo,COG,2020,0.02
Costa Rica,CRI,2002,0.22
Costa Rica,CRI,2003,0.36
Costa Rica,CRI,2004,0.66
Costa Rica,CRI,2005,1.05
Costa Rica,CRI,2006,1.92
Costa Rica,CRI,2007,2.16
Costa Rica,CRI,2008,2.46
Costa Rica,CRI,2009,4.04
Costa Rica,CRI,2010,8.66
Costa Rica,CRI,2011,9.06
Costa Rica,CRI,2012,9.57
Costa Rica,CRI,2013,10.23
Costa Rica,CRI,2014,10.77
Costa Rica,CRI,2015,11.52
Costa Rica,CRI,2016,13.04
Costa Rica,CRI,2017,15.03
Costa Rica,CRI,2018,16.7
Costa Rica,CRI,2019,17.92
Costa Rica,CRI,2020,19.49
Cote d'Ivoire,CIV,2003,0.0
Cote d'Ivoire,CIV,2004,0.0
Cote d'Ivoire,CIV,2005,0.01
Cote d'Ivoire,CIV,2006,0.05
Cote d'Ivoire,CIV,2007,0.05
Cote d'Ivoire,CIV,2008,0.05
Cote d'Ivoire,CIV,2009,0.05
Cote d'Ivoire,CIV,2012,0.21
Cote d'Ivoire,CIV,2013,0.25
Cote d'Ivoire,CIV,2014,0.56
Cote d'Ivoire,CIV,2015,0.47
Cote d'Ivoire,CIV,2016,0.57
Cote d'Ivoire,CIV,2017,0.58
Cote d'Ivoire,CIV,2018,0.7
Cote d'Ivoire,CIV,2019,0.84
Cote d'Ivoire,CIV,2020,0.99
Croatia,HRV,2003,0.08
Croatia,HRV,2004,0.6
Croatia,HRV,2005,2.65
Croatia,HRV,2006,5.76
Croatia,HRV,2007,8.87
Croatia,HRV,2008,12.13
Croatia,HRV,2009,16.52
Croatia,HRV,2010,19.36
Croatia,HRV,2011,20.7
Croatia,HRV,2012,21.4
Croatia,HRV,2013,22.32
Croatia,HRV,2014,23.13
Croatia,HRV,2015,23.3
Croatia,HRV,2016,24.8
Croatia,HRV,2017,26.2
Croatia,HRV,2018,27.15
Croatia,HRV,2019,27.96
Croatia,HRV,2020,25.11
Cuba,CUB,2007,0.02
Cuba,CUB,2008,0.02
Cuba,CUB,2009,0.03
Cuba,CUB,2010,0.03
Cuba,CUB,2011,0.04
Cuba,CUB,2012,0.04
Cuba,CUB,2013,0.05
Cuba,CUB,2014,0.07
Cuba,CUB,2015,0.07
Cuba,CUB,2016,0.13
Cuba,CUB,2017,0.3
Cuba,CUB,2018,0.87
Cuba,CUB,2019,1.61
Cuba,CUB,2020,2.05
Curacao,CUW,2011,20.88
Curacao,CUW,2012,22.98
Curacao,CUW,2013,23.6
Curacao,CUW,2014,24.41
Curacao,CUW,2015,25.02
Curacao,CUW,2016,26.52
Curacao,CUW,2017,30.46
Curacao,CUW,2018,31.85
Curacao,CUW,2019,32.61
Curacao,CUW,2020,33.52
Cyprus,CYP,2001,0.35
Cyprus,CYP,2002,0.82
Cyprus,CYP,2003,1.39
Cyprus,CYP,2004,2.33
Cyprus,CYP,2005,4.28
Cyprus,CYP,2006,8.32
Cyprus,CYP,2007,12.57
Cyprus,CYP,2008,18.48
Cyprus,CYP,2009,21.49
Cyprus,CYP,2010,23.15
Cyprus,CYP,2011,24.61
Cyprus,CYP,2012,25.47
Cyprus,CYP,2013,26.71
Cyprus,CYP,2014,28.76
Cyprus,CYP,2015,30.72
Cyprus,CYP,2016,32.58
Cyprus,CYP,2017,34.21
Cyprus,CYP,2018,35.79
Cyprus,CYP,2019,36.78
Cyprus,CYP,2020,37.4
Czechia,CZE,2000,0.02
Czechia,CZE,2001,0.06
Czechia,CZE,2002,0.15
Czechia,CZE,2003,0.34
Czechia,CZE,2004,2.3
Czechia,CZE,2005,6.91
Czechia,CZE,2006,10.8
Czechia,CZE,2007,14.45
Czechia,CZE,2008,16.88
Czechia,CZE,2009,19.41
Czechia,CZE,2010,21.46
Czechia,CZE,2011,23.75
Czechia,CZE,2012,25.11
Czechia,CZE,2013,26.98
Czechia,CZE,2014,28.28
Czechia,CZE,2015,27.79
Czechia,CZE,2016,28.91
Czechia,CZE,2017,29.57
Czechia,CZE,2018,30.22
Czechia,CZE,2019,34.98
Czechia,CZE,2020,35.91
Democratic Republic of Congo,COD,2010,0.0
Democratic Republic of Congo,COD,2013,0.0
Democratic Republic of Congo,COD,2014,0.0
Democratic Republic of Congo,COD,2015,0.0
Democratic Republic of Congo,COD,2016,0.0
Democratic Republic of Congo,COD,2017,0.0
Democratic Republic of Congo,COD,2018,0.01
Democratic Republic of Congo,COD,2019,0.01
Democratic Republic of Congo,COD,2020,0.03
Denmark,DNK,2000,1.25
Denmark,DNK,2001,4.44
Denmark,DNK,2002,8.4
Denmark,DNK,2003,13.33
Denmark,DNK,2004,18.83
Denmark,DNK,2005,24.79
Denmark,DNK,2006,31.87
Denmark,DNK,2007,34.8
Denmark,DNK,2008,36.48
Denmark,DNK,2009,36.6
Denmark,DNK,2010,38.03
Denmark,DNK,2011,38.39
Denmark,DNK,2012,38.84
Denmark,DNK,2013,40.3
Denmark,DNK,2014,41.34
Denmark,DNK,2015,42.28
Denmark,DNK,2016,43.1
Denmark,DNK,2017,43.82
Denmark,DNK,2018,44.09
Denmark,DNK,2019,43.95
Denmark,DNK,2020,44.72
Djibouti,DJI,2000,0.0
Djibouti,DJI,2001,0.0
Djibouti,DJI,2002,0.0
Djibouti,DJI,2005,0.01
Djibouti,DJI,2006,0.02
Djibouti,DJI,2007,0.14
Djibouti,DJI,2008,0.3
Djibouti,DJI,2009,0.64
Djibouti,DJI,2010,0.96
Djibouti,DJI,2011,1.32
Djibouti,DJI,2012,1.72
Djibouti,DJI,2013,2.0
Djibouti,DJI,2014,2.24
Djibouti,DJI,2015,2.64
Djibouti,DJI,2016,2.61
Djibouti,DJI,2017,2.58
Djibouti,DJI,2018,2.66
Djibouti,DJI,2019,2.51
Djibouti,DJI,2020,2.54
Dominica,DMA,2000,0.11
Dominica,DMA,2001,0.25
Dominica,DMA,2002,3.2
Dominica,DMA,2003,3.78
Dominica,DMA,2004,4.62
Dominica,DMA,2005,4.82
Dominica,DMA,2006,6.08
Dominica,DMA,2007,7.06
Dominica,DMA,2008,9.88
Dominica,DMA,2009,10.3
Dominica,DMA,2010,11.73
Dominica,DMA,2011,11.71
Dominica,DMA,2012,11.98
Dominica,DMA,2013,15.02
Dominica,DMA,2014,15.17
Dominica,DMA,2015,21.3
Dominica,DMA,2016,21.72
Dominica,DMA,2017,21.58
Dominica,DMA,2018,16.08
Dominica,DMA,2019,21.17
Dominica,DMA,2020,22.23
Dominican Republic,DOM,2003,0.17
Dominican Republic,DOM,2004,0.42
Dominican Republic,DOM,2005,0.67
Dominican Republic,DOM,2006,1.12
Dominican Republic,DOM,2007,1.86
Dominican Republic,DOM,2008,2.53
Dominican Republic,DOM,2009,3.3
Dominican Republic,DOM,2010,4.03
Dominican Republic,DOM,2011,4.32
Dominican Republic,DOM,2012,4.87
Dominican Republic,DOM,2013,5.24
Dominican Republic,DOM,2014,5.9
Dominican Republic,DOM,2015,6.67
Dominican Republic,DOM,2016,7.32
Dominican Republic,DOM,2017,7.81
Dominican Republic,DOM,2018,8.1
Dominican Republic,DOM,2019,8.66
Dominican Republic,DOM,2020,9.51
East Asia and Pacific,,2000,0.32
East Asia and Pacific,,2001,0.74
East Asia and Pacific,,2002,1.37
East Asia and Pacific,,2003,2.1
East Asia and Pacific,,2004,3.11
East Asia and Pacific,,2005,3.92
East Asia and Pacific,,2006,4.92
East Asia and Pacific,,2007,5.75
East Asia and Pacific,,2008,6.9
East Asia and Pacific,,2009,8.15
East Asia and Pacific,,2010,9.66
East Asia and Pacific,,2011,10.82
East Asia and Pacific,,2012,12.05
East Asia and Pacific,,2013,12.77
East Asia and Pacific,,2014,13.31
East Asia and Pacific,,2015,16.49
East Asia and Pacific,,2016,18.62
East Asia and Pacific,,2017,21.87
East Asia and Pacific,,2018,22.71
East Asia and Pacific,,2019,24.67
East Asia and Pacific,,2020,26.41
Ecuador,ECU,2001,0.02
Ecuador,ECU,2002,0.05
Ecuador,ECU,2003,0.05
Ecuador,ECU,2004,0.09
Ecuador,ECU,2005,0.19
Ecuador,ECU,2006,0.33
Ecuador,ECU,2007,0.7
Ecuador,ECU,2008,1.07
Ecuador,ECU,2009,1.63
Ecuador,ECU,2010,1.47
Ecuador,ECU,2011,4.32
Ecuador,ECU,2012,5.45
Ecuador,ECU,2013,6.74
Ecuador,ECU,2014,8.27
Ecuador,ECU,2015,9.18
Ecuador,ECU,2016,9.76
Ecuador,ECU,2017,10.6
Ecuador,ECU,2018,11.44
Ecuador,ECU,2019,12.04
Ecuador,ECU,2020,13.44
Egypt,EGY,2002,0.07
Egypt,EGY,2003,0.08
Egypt,EGY,2004,0.11
Egypt,EGY,2005,0.19
Egypt,EGY,2006,0.34
Egypt,EGY,2007,0.61
Egypt,EGY,2008,0.97
Egypt,EGY,2009,1.33
Egypt,EGY,2010,1.75
Egypt,EGY,2011,2.18
Egypt,EGY,2012,2.65
Egypt,EGY,2013,3.03
Egypt,EGY,2014,3.39
Egypt,EGY,2015,4.14
Egypt,EGY,2016,4.73
Egypt,EGY,2017,5.43
Egypt,EGY,2018,6.73
Egypt,EGY,2019,7.57
Egypt,EGY,2020,9.14
El Salvador,SLV,2003,0.33
El Salvador,SLV,2004,0.49
El Salvador,SLV,2005,0.7
El Salvador,SLV,2006,1.01
El Salvador,SLV,2007,1.47
El Salvador,SLV,2008,2.01
El Salvador,SLV,2009,2.43
El Salvador,SLV,2010,2.83
El Salvador,SLV,2011,3.32
El Salvador,SLV,2012,3.88
El Salvador,SLV,2013,4.54
El Salvador,SLV,2014,5.07
El Salvador,SLV,2015,5.58
El Salvador,SLV,2016,6.22
El Salvador,SLV,2017,7.06
El Salvador,SLV,2018,7.67
El Salvador,SLV,2019,8.14
El Salvador,SLV,2020,9.03
Equatorial Guinea,GNQ,2005,0.02
Equatorial Guinea,GNQ,2006,0.02
Equatorial Guinea,GNQ,2007,0.02
Equatorial Guinea,GNQ,2008,0.02
Equatorial Guinea,GNQ,2009,0.02
Equatorial Guinea,GNQ,2010,0.13
Equatorial Guinea,GNQ,2011,0.14
Equatorial Guinea,GNQ,2012,0.14
Equatorial Guinea,GNQ,2013,0.33
Equatorial Guinea,GNQ,2014,0.35
Equatorial Guinea,GNQ,2015,0.33
Equatorial Guinea,GNQ,2016,0.28
Equatorial Guinea,GNQ,2017,0.15
Equatorial Guinea,GNQ,2018,0.12
Equatorial Guinea,GNQ,2019,0.07
Equatorial Guinea,GNQ,2020,0.07
Eritrea,ERI,2008,0.0
Eritrea,ERI,2009,0.0
Eritrea,ERI,2010,0.0
Eritrea,ERI,2011,0.0
Eritrea,ERI,2012,0.01
Eritrea,ERI,2013,0.0
Eritrea,ERI,2014,0.01
Eritrea,ERI,2015,0.01
Eritrea,ERI,2016,0.02
Eritrea,ERI,2017,0.03
Eritrea,ERI,2019,0.09
Eritrea,ERI,2020,0.14
Estonia,EST,2001,1.26
Estonia,EST,2002,3.36
Estonia,EST,2003,6.58
Estonia,EST,2004,10.17
Estonia,EST,2005,13.22
Estonia,EST,2006,18.29
Estonia,EST,2007,19.71
Estonia,EST,2008,21.99
Estonia,EST,2009,23.47
Estonia,EST,2010,26.12
Estonia,EST,2011,26.28
Estonia,EST,2012,26.41
Estonia,EST,2013,27.36
Estonia,EST,2014,28.19
Estonia,EST,2015,29.67
Estonia,EST,2016,31.48
Estonia,EST,2017,32.47
Estonia,EST,2018,33.35
Estonia,EST,2019,32.53
Estonia,EST,2020,31.33
Eswatini,SWZ,2008,0.07
Eswatini,SWZ,2009,0.14
Eswatini,SWZ,2010,0.34
Eswatini,SWZ,2011,0.75
Eswatini,SWZ,2012,0.32
Eswatini,SWZ,2013,0.39
Eswatini,SWZ,2014,0.47
Eswatini,SWZ,2015,0.54
Eswatini,SWZ,2016,0.63
Eswatini,SWZ,2017,0.71
Eswatini,SWZ,2019,0.87
Eswatini,SWZ,2020,1.03
Ethiopia,ETH,2003,0.0
Ethiopia,ETH,2004,0.0
Ethiopia,ETH,2005,0.0
Ethiopia,ETH,2006,0.0
Ethiopia,ETH,2007,0.0
Ethiopia,ETH,2008,0.0
Ethiopia,ETH,2009,0.0
Ethiopia,ETH,2010,0.0
Ethiopia,ETH,2011,0.01
Ethiopia,ETH,2012,0.01
Ethiopia,ETH,2013,0.25
Ethiopia,ETH,2014,0.48
Ethiopia,ETH,2015,0.47
Ethiopia,ETH,2016,0.54
Ethiopia,ETH,2017,0.06
Ethiopia,ETH,2019,0.14
Ethiopia,ETH,2020,0.18
Europe and Central Asia,,2002,1.89
Europe and Central Asia,,2003,3.19
Europe and Central Asia,,2004,5.5
Europe and Central Asia,,2005,7.7
Europe and Central Asia,,2006,10.71
Europe and Central Asia,,2007,13.4
Europe and Central Asia,,2008,15.58
Europe and Central Asia,,2009,17.4
Europe and Central Asia,,2010,19.03
Europe and Central Asia,,2011,20.36
Europe and Central Asia,,2012,21.54
Europe and Central Asia,,2013,22.8
Europe and Central Asia,,2014,23.67
Europe and Central Asia,,2015,24.83
Europe and Central Asia,,2016,25.74
Europe and Central Asia,,2017,27.03
Europe and Central Asia,,2018,28.35
Europe and Central Asia,,2019,28.73
Europe and Central Asia,,2020,29.87
European Union,,2000,0.5
European Union,,2001,1.51
European Union,,2002,2.87
European Union,,2003,4.75
European Union,,2004,7.84
European Union,,2005,11.54
European Union,,2006,15.76
European Union,,2007,19.62
European Union,,2008,22.09
European Union,,2009,24.28
European Union,,2010,25.87
European Union,,2011,27.3
European Union,,2012,28.19
European Union,,2013,29.25
European Union,,2014,30.35
European Union,,2015,31.45
European Union,,2016,32.55
European Union,,2017,33.77
European Union,,2018,34.73
European Union,,2019,35.63
European Union,,2020,36.8
Faeroe Islands,FRO,2001,0.11
Faeroe Islands,FRO,2002,0.24
Faeroe Islands,FRO,2003,0.83
Faeroe Islands,FRO,2004,6.58
Faeroe Islands,FRO,2005,12.3
Faeroe Islands,FRO,2006,27.47
Faeroe Islands,FRO,2007,30.24
Faeroe Islands,FRO,2008,31.11
Faeroe Islands,FRO,2009,33.22
Faeroe Islands,FRO,2010,33.84
Faeroe Islands,FRO,2011,33.58
Faeroe Islands,FRO,2012,34.12
Faeroe Islands,FRO,2013,34.87
Faeroe Islands,FRO,2014,36.2
Faeroe Islands,FRO,2015,37.03
Faeroe Islands,FRO,2016,37.31
Faeroe Islands,FRO,2017,37.33
Faeroe Islands,FRO,2018,37.49
Faeroe Islands,FRO,2019,37.35
Faeroe Islands,FRO,2020,37.74
Fiji,FJI,2005,0.85
Fiji,FJI,2006,1.03
Fiji,FJI,2007,1.38
Fiji,FJI,2008,1.54
Fiji,FJI,2009,1.5
Fiji,FJI,2010,2.7
Fiji,FJI,2011,2.69
Fiji,FJI,2012,1.56
Fiji,FJI,2013,1.26
Fiji,FJI,2014,1.43
Fiji,FJI,2015,1.47
Fiji,FJI,2016,1.41
Fiji,FJI,2017,1.38
Fiji,FJI,2018,2.16
Fiji,FJI,2019,2.41
Fiji,FJI,2020,2.57
Finland,FIN,2000,0.67
Finland,FIN,2001,2.58
Finland,FIN,2002,5.25
Finland,FIN,2003,9.4
Finland,FIN,2004,15.26
Finland,FIN,2005,22.33
Finland,FIN,2006,27.08
Finland,FIN,2007,30.52
Finland,FIN,2008,30.42
Finland,FIN,2009,29.31
Finland,FIN,2010,29.06
Finland,FIN,2011,29.8
Finland,FIN,2012,30.43
Finland,FIN,2013,31.63
Finland,FIN,2014,32.2
Finland,FIN,2015,31.56
Finland,FIN,2016,31.14
Finland,FIN,2017,31.03
Finland,FIN,2018,31.45
Finland,FIN,2019,32.48
Finland,FIN,2020,33.32
France,FRA,1998,0.02
France,FRA,1999,0.09
France,FRA,2000,0.33
France,FRA,2001,1.01
France,FRA,2002,2.77
France,FRA,2003,5.92
France,FRA,2004,10.81
France,FRA,2005,15.5
France,FRA,2006,20.67
France,FRA,2007,25.46
France,FRA,2008,28.66
France,FRA,2009,31.74
France,FRA,2010,33.93
France,FRA,2011,35.98
France,FRA,2012,37.73
France,FRA,2013,39.03
France,FRA,2014,40.45
France,FRA,2015,41.68
France,FRA,2016,42.8
France,FRA,2017,43.92
France,FRA,2018,44.78
France,FRA,2019,45.69
France,FRA,2020,46.92
French Polynesia,PYF,2001,0.01
French Polynesia,PYF,2002,0.01
French Polynesia,PYF,2003,0.37
French Polynesia,PYF,2004,1.78
French Polynesia,PYF,2005,4.25
French Polynesia,PYF,2006,6.99
French Polynesia,PYF,2007,8.98
French Polynesia,PYF,2008,10.48
French Polynesia,PYF,2009,11.32
French Polynesia,PYF,2010,12.1
French Polynesia,PYF,2011,13.45
French Polynesia,PYF,2012,14.94
French Polynesia,PYF,2013,16.61
French Polynesia,PYF,2014,18.31
French Polynesia,PYF,2015,19.01
French Polynesia,PYF,2016,20.19
French Polynesia,PYF,2017,20.89
French Polynesia,PYF,2018,21.53
French Polynesia,PYF,2019,22.2
French Polynesia,PYF,2020,22.78
Gabon,GAB,2003,0.01
Gabon,GAB,2004,0.05
Gabon,GAB,2005,0.11
Gabon,GAB,2006,0.12
Gabon,GAB,2007,0.13
Gabon,GAB,2008,0.14
Gabon,GAB,2009,0.24
Gabon,GAB,2010,0.25
Gabon,GAB,2011,0.27
Gabon,GAB,2012,0.29
Gabon,GAB,2013,0.49
Gabon,GAB,2014,0.57
Gabon,GAB,2015,0.57
Gabon,GAB,2016,0.75
Gabon,GAB,2017,0.71
Gabon,GAB,2018,0.99
Gabon,GAB,2019,1.12
Gabon,GAB,2020,2.0
Gambia,GMB,2004,0.0
Gambia,GMB,2005,0.0
Gambia,GMB,2007,0.02
Gambia,GMB,2008,0.02
Gambia,GMB,2009,0.02
Gambia,GMB,2010,0.02
Gambia,GMB,2011,0.02
Gambia,GMB,2012,0.03
Gambia,GMB,2013,0.02
Gambia,GMB,2014,0.14
Gambia,GMB,2015,0.17
Gambia,GMB,2016,0.17
Gambia,GMB,2017,0.18
Gambia,GMB,2018,0.19
Gambia,GMB,2019,0.21
Gambia,GMB,2020,0.21
Georgia,GEO,2001,0.01
Georgia,GEO,2002,0.02
Georgia,GEO,2003,0.03
Georgia,GEO,2004,0.04
Georgia,GEO,2005,0.06
Georgia,GEO,2006,0.64
Georgia,GEO,2007,1.12
Georgia,GEO,2008,2.71
Georgia,GEO,2009,3.64
Georgia,GEO,2010,4.45
Georgia,GEO,2011,6.09
Georgia,GEO,2012,11.39
Georgia,GEO,2013,12.77
Georgia,GEO,2014,14.89
Georgia,GEO,2015,15.8
Georgia,GEO,2016,16.96
Georgia,GEO,2017,19.36
Georgia,GEO,2018,21.42
Georgia,GEO,2019,23.45
Georgia,GEO,2020,24.37
Germany,DEU,2000,0.33
Germany,DEU,2001,2.58
Germany,DEU,2002,3.93
Germany,DEU,2003,5.48
Germany,DEU,2004,8.57
Germany,DEU,2005,13.22
Germany,DEU,2006,18.38
Germany,DEU,2007,24.3
Germany,DEU,2008,28.01
Germany,DEU,2009,30.86
Germany,DEU,2010,32.37
Germany,DEU,2011,33.71
Germany,DEU,2012,34.53
Germany,DEU,2013,35.28
Germany,DEU,2014,36.31
Germany,DEU,2015,37.55
Germany,DEU,2016,38.76
Germany,DEU,2017,40.2
Germany,DEU,2018,41.09
Germany,DEU,2019,42.14
Germany,DEU,2020,43.22
Ghana,GHA,2004,0.0
Ghana,GHA,2005,0.01
Ghana,GHA,2006,0.06
Ghana,GHA,2007,0.07
Ghana,GHA,2008,0.1
Ghana,GHA,2009,0.12
Ghana,GHA,2010,0.21
Ghana,GHA,2011,0.26
Ghana,GHA,2012,0.26
Ghana,GHA,2013,0.26
Ghana,GHA,2014,0.26
Ghana,GHA,2015,0.26
Ghana,GHA,2016,0.3
Ghana,GHA,2017,0.2
Ghana,GHA,2018,0.21
Ghana,GHA,2019,0.19
Ghana,GHA,2020,0.25
Gibraltar,GIB,2009,27.7
Gibraltar,GIB,2010,31.06
Gibraltar,GIB,2011,33.57
Gibraltar,GIB,2012,35.6
Gibraltar,GIB,2014,38.55
Gibraltar,GIB,2015,46.17
Gibraltar,GIB,2016,48.62
Gibraltar,GIB,2017,51.51
Gibraltar,GIB,2018,56.29
Gibraltar,GIB,2019,57.85
Gibraltar,GIB,2020,62.36
Greece,GRC,2003,0.09
Greece,GRC,2004,0.46
Greece,GRC,2005,1.43
Greece,GRC,2006,4.36
Greece,GRC,2007,9.15
Greece,GRC,2008,13.65
Greece,GRC,2009,17.49
Greece,GRC,2010,20.69
Greece,GRC,2011,22.76
Greece,GRC,2012,24.95
Greece,GRC,2013,27.12
Greece,GRC,2014,29.49
Greece,GRC,2015,32.26
Greece,GRC,2016,34.06
Greece,GRC,2017,35.75
Greece,GRC,2018,37.65
Greece,GRC,2019,39.25
Greece,GRC,2020,40.84
Greenland,GRL,2003,0.21
Greenland,GRL,2004,5.84
Greenland,GRL,2005,12.52
Greenland,GRL,2006,16.18
Greenland,GRL,2007,18.53
Greenland,GRL,2008,21.13
Greenland,GRL,2009,22.11
Greenland,GRL,2010,21.88
Greenland,GRL,2011,21.03
Greenland,GRL,2012,20.15
Greenland,GRL,2013,19.14
Greenland,GRL,2014,18.45
Greenland,GRL,2015,17.74
Greenland,GRL,2017,21.27
Greenland,GRL,2018,23.32
Greenland,GRL,2019,25.42
Greenland,GRL,2020,27.57
Grenada,GRD,2002,0.54
Grenada,GRD,2004,0.58
Grenada,GRD,2005,3.08
Grenada,GRD,2006,5.28
Grenada,GRD,2007,7.23
Grenada,GRD,2008,8.49
Grenada,GRD,2009,11.69
Grenada,GRD,2010,13.59
Grenada,GRD,2011,13.74
Grenada,GRD,2012,14.89
Grenada,GRD,2013,16.64
Grenada,GRD,2014,17.27
Grenada,GRD,2015,18.03
Grenada,GRD,2016,18.88
Grenada,GRD,2017,20.05
Grenada,GRD,2018,24.21
Grenada,GRD,2019,28.38
Grenada,GRD,2020,28.44
Guam,GUM,2001,1.12
Guam,GUM,2007,1.7
Guam,GUM,2008,1.7
Guam,GUM,2009,1.88
Guam,GUM,2010,1.88
Guam,GUM,2013,1.87
Guam,GUM,2014,1.86
Guam,GUM,2019,1.79
Guam,GUM,2020,1.78
Guatemala,GTM,2005,0.21
Guatemala,GTM,2006,0.29
Guatemala,GTM,2007,0.42
Guatemala,GTM,2008,0.67
Guatemala,GTM,2009,1.09
Guatemala,GTM,2010,1.77
Guatemala,GTM,2012,1.84
Guatemala,GTM,2013,2.26
Guatemala,GTM,2014,2.72
Guatemala,GTM,2015,2.83
Guatemala,GTM,2016,3.05
Guatemala,GTM,2017,3.14
Guatemala,GTM,2019,3.33
Guatemala,GTM,2020,3.42
Guinea,GIN,2010,0.0
Guinea,GIN,2011,0.01
Guinea,GIN,2012,0.01
Guinea,GIN,2013,0.01
Guinea,GIN,2014,0.01
Guinea,GIN,2015,0.01
Guinea,GIN,2016,0.01
Guinea,GIN,2017,0.01
Guinea,GIN,2018,0.01
Guinea,GIN,2019,0.01
Guinea,GIN,2020,0.01
Guinea-Bissau,GNB,2010,0.05
Guinea-Bissau,GNB,2011,0.06
Guinea-Bissau,GNB,2012,0.07
Guinea-Bissau,GNB,2013,0.09
Guinea-Bissau,GNB,2014,0.08
Guinea-Bissau,GNB,2015,0.06
Guinea-Bissau,GNB,2016,0.05
Guinea-Bissau,GNB,2017,0.05
Guinea-Bissau,GNB,2018,0.06
Guinea-Bissau,GNB,2019,0.06
Guinea-Bissau,GNB,2020,0.12
Guyana,GUY,2005,0.27
Guyana,GUY,2007,0.32
Guyana,GUY,2008,0.68
Guyana,GUY,2009,0.91
Guyana,GUY,2010,1.49
Guyana,GUY,2011,2.73
Guyana,GUY,2012,3.97
Guyana,GUY,2013,4.86
Guyana,GUY,2014,5.92
Guyana,GUY,2015,7.0
Guyana,GUY,2016,7.42
Guyana,GUY,2017,8.37
Guyana,GUY,2019,10.6
Guyana,GUY,2020,12.08
Haiti,HTI,2012,0.0
Haiti,HTI,2013,0.0
Haiti,HTI,2014,0.0
Haiti,HTI,2015,0.01
Haiti,HTI,2016,0.01
Haiti,HTI,2017,0.27
Haiti,HTI,2018,0.28
Haiti,HTI,2019,0.28
Haiti,HTI,2020,0.27
High income,,2000,1.68
High income,,2001,3.45
High income,,2002,5.74
High income,,2003,8.19
High income,,2004,11.36
High income,,2005,15.11
High income,,2006,18.57
High income,,2007,21.69
High income,,2008,23.6
High income,,2009,25.04
High income,,2010,26.35
High income,,2011,27.54
High income,,2012,28.48
High income,,2013,29.95
High income,,2014,30.6
High income,,2015,31.34
High income,,2016,32.24
High income,,2017,33.17
High income,,2018,33.87
High income,,2019,34.65
High income,,2020,35.97
Honduras,HND,2010,0.01
Honduras,HND,2011,0.68
Honduras,HND,2012,0.71
Honduras,HND,2013,0.78
Honduras,HND,2014,1.76
Honduras,HND,2015,2.17
Honduras,HND,2016,2.38
Honduras,HND,2017,2.53
Honduras,HND,2018,3.7
Honduras,HND,2019,4.01
Honduras,HND,2020,4.01
Hong Kong,HKG,1998,0.17
Hong Kong,HKG,1999,1.33
Hong Kong,HKG,2000,6.73
Hong Kong,HKG,2001,10.75
Hong Kong,HKG,2002,15.5
Hong Kong,HKG,2003,18.86
Hong Kong,HKG,2004,22.5
Hong Kong,HKG,2005,24.51
Hong Kong,HKG,2006,26.41
Hong Kong,HKG,2007,27.76
Hong Kong,HKG,2008,28.12
Hong Kong,HKG,2009,29.65
Hong Kong,HKG,2010,31.12
Hong Kong,HKG,2011,32.81
Hong Kong,HKG,2012,32.0
Hong Kong,HKG,2013,31.53
Hong Kong,HKG,2014,31.97
Hong Kong,HKG,2015,32.67
Hong Kong,HKG,2016,36.25
Hong Kong,HKG,2017,36.38
Hong Kong,HKG,2018,36.83
Hong Kong,HKG,2019,37.72
Hong Kong,HKG,2020,38.49
Hungary,HUN,2000,0.03
Hungary,HUN,2001,0.31
Hungary,HUN,2002,1.1
Hungary,HUN,2003,2.61
Hungary,HUN,2004,4.06
Hungary,HUN,2005,6.46
Hungary,HUN,2006,11.93
Hungary,HUN,2007,14.51
Hungary,HUN,2008,17.72
Hungary,HUN,2009,19.85
Hungary,HUN,2010,21.75
Hungary,HUN,2011,23.37
Hungary,HUN,2012,24.29
Hungary,HUN,2013,26.41
Hungary,HUN,2014,26.32
Hungary,HUN,2015,27.81
Hungary,HUN,2016,28.86
Hungary,HUN,2017,30.39
Hungary,HUN,2018,31.72
Hungary,HUN,2019,32.94
Hungary,HUN,2020,33.8
Iceland,ISL,1999,0.03
Iceland,ISL,2000,0.84
Iceland,ISL,2001,3.68
Iceland,ISL,2002,8.51
Iceland,ISL,2003,14.44
Iceland,ISL,2004,19.16
Iceland,ISL,2005,26.45
Iceland,ISL,2006,29.27
Iceland,ISL,2007,32.78
Iceland,ISL,2008,34.1
Iceland,ISL,2009,33.88
Iceland,ISL,2010,34.09
Iceland,ISL,2011,34.5
Iceland,ISL,2012,34.83
Iceland,ISL,2013,35.9
Iceland,ISL,2014,36.41
Iceland,ISL,2015,37.68
Iceland,ISL,2016,38.54
Iceland,ISL,2017,40.26
Iceland,ISL,2018,40.98
Iceland,ISL,2019,41.07
Iceland,ISL,2020,41.56
India,IND,2001,0.0
India,IND,2002,0.01
India,IND,2003,0.01
India,IND,2004,0.02
India,IND,2005,0.12
India,IND,2006,0.2
India,IND,2007,0.26
India,IND,2008,0.44
India,IND,2009,0.64
India,IND,2010,0.89
India,IND,2011,1.07
India,IND,2012,1.18
India,IND,2013,1.17
India,IND,2014,1.22
India,IND,2015,1.29
India,IND,2016,1.41
India,IND,2017,1.33
India,IND,2018,1.34
India,IND,2019,1.4
India,IND,2020,1.66
Indonesia,IDN,2000,0.0
Indonesia,IDN,2001,0.01
Indonesia,IDN,2002,0.02
Indonesia,IDN,2003,0.03
Indonesia,IDN,2004,0.04
Indonesia,IDN,2005,0.05
Indonesia,IDN,2006,0.08
Indonesia,IDN,2007,0.34
Indonesia,IDN,2008,0.42
Indonesia,IDN,2009,0.78
Indonesia,IDN,2010,0.94
Indonesia,IDN,2011,1.12
Indonesia,IDN,2012,1.2
Indonesia,IDN,2013,1.29
Indonesia,IDN,2014,1.33
Indonesia,IDN,2015,1.54
Indonesia,IDN,2016,2.0
Indonesia,IDN,2017,2.35
Indonesia,IDN,2018,3.32
Indonesia,IDN,2019,3.8
Indonesia,IDN,2020,4.29
Iran,IRN,2000,0.0
Iran,IRN,2001,0.0
Iran,IRN,2002,0.02
Iran,IRN,2003,0.03
Iran,IRN,2006,0.14
Iran,IRN,2007,0.28
Iran,IRN,2008,0.42
Iran,IRN,2009,0.55
Iran,IRN,2010,1.34
Iran,IRN,2011,2.84
Iran,IRN,2012,5.04
Iran,IRN,2013,6.75
Iran,IRN,2014,7.93
Iran,IRN,2015,8.42
Iran,IRN,2016,9.56
Iran,IRN,2017,10.66
Iran,IRN,2018,11.99
Iran,IRN,2019,10.4
Iran,IRN,2020,11.39
Iraq,IRQ,2006,0.0
Iraq,IRQ,2007,0.0
Iraq,IRQ,2008,0.0
Iraq,IRQ,2009,0.0
Iraq,IRQ,2010,0.01
Iraq,IRQ,2017,11.43
Iraq,IRQ,2018,11.69
Iraq,IRQ,2019,11.6
Iraq,IRQ,2020,15.55
Ireland,IRL,2002,0.27
Ireland,IRL,2003,1.05
Ireland,IRL,2004,3.75
Ireland,IRL,2005,7.79
Ireland,IRL,2006,13.28
Ireland,IRL,2007,17.54
Ireland,IRL,2008,20.18
Ireland,IRL,2009,21.72
Ireland,IRL,2010,22.4
Ireland,IRL,2011,23.32
Ireland,IRL,2012,24.13
Ireland,IRL,2013,25.77
Ireland,IRL,2014,27.21
Ireland,IRL,2015,28.15
Ireland,IRL,2016,28.97
Ireland,IRL,2017,29.43
Ireland,IRL,2018,29.68
Ireland,IRL,2019,29.95
Ireland,IRL,2020,30.71
Israel,ISR,2001,0.72
Israel,ISR,2002,3.76
Israel,ISR,2003,10.08
Israel,ISR,2004,15.32
Israel,ISR,2005,18.83
Israel,ISR,2006,21.27
Israel,ISR,2007,22.32
Israel,ISR,2008,23.99
Israel,ISR,2009,23.96
Israel,ISR,2010,23.98
Israel,ISR,2011,25.1
Israel,ISR,2012,25.44
Israel,ISR,2013,25.9
Israel,ISR,2014,27.13
Israel,ISR,2015,27.24
Israel,ISR,2016,27.85
Israel,ISR,2017,28.41
Israel,ISR,2018,29.05
Israel,ISR,2019,29.12
Israel,ISR,2020,30.06
Italy,ITA,2000,0.2
Italy,ITA,2001,0.69
Italy,ITA,2002,1.49
Italy,ITA,2003,3.91
Italy,ITA,2004,8.15
Italy,ITA,2005,11.71
Italy,ITA,2006,14.51
Italy,ITA,2007,17.23
Italy,ITA,2008,19.14
Italy,ITA,2009,20.45
Italy,ITA,2010,22.08
Italy,ITA,2011,22.69
Italy,ITA,2012,22.99
Italy,ITA,2013,23.29
Italy,ITA,2014,23.81
Italy,ITA,2015,24.6
Italy,ITA,2016,25.66
Italy,ITA,2017,27.34
Italy,ITA,2018,28.3
Italy,ITA,2019,28.85
Italy,ITA,2020,29.98
Jamaica,JAM,2001,0.12
Jamaica,JAM,2002,0.33
Jamaica,JAM,2003,0.33
Jamaica,JAM,2004,0.99
Jamaica,JAM,2005,1.64
Jamaica,JAM,2006,2.48
Jamaica,JAM,2007,3.35
Jamaica,JAM,2008,3.5
Jamaica,JAM,2009,4.01
Jamaica,JAM,2010,4.15
Jamaica,JAM,2011,4.19
Jamaica,JAM,2012,4.33
Jamaica,JAM,2013,4.93
Jamaica,JAM,2014,5.27
Jamaica,JAM,2015,7.92
Jamaica,JAM,2016,9.84
Jamaica,JAM,2017,8.19
Jamaica,JAM,2018,9.7
Jamaica,JAM,2019,10.78
Jamaica,JAM,2020,13.02
Japan,JPN,1998,0.03
Japan,JPN,1999,0.17
Japan,JPN,2000,0.67
Japan,JPN,2001,3.0
Japan,JPN,2002,7.35
Japan,JPN,2003,11.65
Japan,JPN,2004,15.25
Japan,JPN,2005,18.16
Japan,JPN,2006,20.59
Japan,JPN,2007,22.03
Japan,JPN,2008,23.43
Japan,JPN,2009,25.56
Japan,JPN,2010,26.53
Japan,JPN,2011,27.78
Japan,JPN,2012,28.14
Japan,JPN,2013,28.77
Japan,JPN,2014,29.48
Japan,JPN,2015,30.37
Japan,JPN,2016,31.16
Japan,JPN,2017,31.79
Japan,JPN,2018,32.62
Japan,JPN,2019,33.5
Japan,JPN,2020,34.79
Jordan,JOR,2001,0.01
Jordan,JOR,2002,0.06
Jordan,JOR,2003,0.09
Jordan,JOR,2004,0.19
Jordan,JOR,2005,0.41
Jordan,JOR,2006,0.81
Jordan,JOR,2007,1.42
Jordan,JOR,2008,2.22
Jordan,JOR,2009,3.45
Jordan,JOR,2010,4.04
Jordan,JOR,2011,3.87
Jordan,JOR,2012,3.71
Jordan,JOR,2013,3.85
Jordan,JOR,2014,3.94
Jordan,JOR,2015,3.34
Jordan,JOR,2016,3.11
Jordan,JOR,2017,3.39
Jordan,JOR,2018,4.01
Jordan,JOR,2019,4.53
Jordan,JOR,2020,6.18
Kazakhstan,KAZ,2003,0.01
Kazakhstan,KAZ,2004,0.01
Kazakhstan,KAZ,2005,0.02
Kazakhstan,KAZ,2006,0.2
Kazakhstan,KAZ,2007,1.72
Kazakhstan,KAZ,2008,2.13
Kazakhstan,KAZ,2009,3.6
Kazakhstan,KAZ,2010,5.35
Kazakhstan,KAZ,2011,7.24
Kazakhstan,KAZ,2012,9.77
Kazakhstan,KAZ,2013,11.5
Kazakhstan,KAZ,2014,12.41
Kazakhstan,KAZ,2015,13.09
Kazakhstan,KAZ,2016,13.18
Kazakhstan,KAZ,2017,14.25
Kazakhstan,KAZ,2018,13.44
Kazakhstan,KAZ,2019,13.54
Kazakhstan,KAZ,2020,13.96
Kenya,KEN,2005,0.01
Kenya,KEN,2006,0.05
Kenya,KEN,2007,0.05
Kenya,KEN,2008,0.01
Kenya,KEN,2009,0.04
Kenya,KEN,2010,0.02
Kenya,KEN,2011,0.13
Kenya,KEN,2012,0.12
Kenya,KEN,2013,0.16
Kenya,KEN,2014,0.22
Kenya,KEN,2015,0.28
Kenya,KEN,2016,0.27
Kenya,KEN,2017,0.57
Kenya,KEN,2018,0.72
Kenya,KEN,2019,0.93
Kenya,KEN,2020,1.25
Kiribati,KIR,2005,0.35
Kiribati,KIR,2006,0.43
Kiribati,KIR,2007,0.52
Kiribati,KIR,2008,0.69
Kiribati,KIR,2009,0.76
Kiribati,KIR,2010,0.82
Kiribati,KIR,2011,0.81
Kiribati,KIR,2012,0.75
Kiribati,KIR,2013,0.65
Kiribati,KIR,2014,0.46
Kiribati,KIR,2015,0.11
Kiribati,KIR,2016,0.1
Kiribati,KIR,2017,0.1
Kiribati,KIR,2018,0.08
Kiribati,KIR,2019,0.09
Kiribati,KIR,2020,0.15
Kuwait,KWT,2001,0.24
Kuwait,KWT,2002,0.49
Kuwait,KWT,2003,0.6
Kuwait,KWT,2004,0.91
Kuwait,KWT,2005,1.1
Kuwait,KWT,2006,1.26
Kuwait,KWT,2007,1.4
Kuwait,KWT,2008,1.51
Kuwait,KWT,2009,1.6
Kuwait,KWT,2010,1.54
Kuwait,KWT,2011,1.48
Kuwait,KWT,2012,1.4
Kuwait,KWT,2013,1.33
Kuwait,KWT,2014,1.3
Kuwait,KWT,2015,1.43
Kuwait,KWT,2016,2.56
Kuwait,KWT,2017,2.9
Kuwait,KWT,2018,2.51
Kuwait,KWT,2019,2.01
Kuwait,KWT,2020,1.73
Kyrgyzstan,KGZ,2002,0.0
Kyrgyzstan,KGZ,2003,0.0
Kyrgyzstan,KGZ,2004,0.04
Kyrgyzstan,KGZ,2005,0.05
Kyrgyzstan,KGZ,2006,0.05
Kyrgyzstan,KGZ,2007,0.06
Kyrgyzstan,KGZ,2008,0.36
Kyrgyzstan,KGZ,2009,0.33
Kyrgyzstan,KGZ,2010,0.43
Kyrgyzstan,KGZ,2011,0.71
Kyrgyzstan,KGZ,2012,0.97
Kyrgyzstan,KGZ,2013,2.38
Kyrgyzstan,KGZ,2014,2.92
Kyrgyzstan,KGZ,2015,3.55
Kyrgyzstan,KGZ,2016,3.97
Kyrgyzstan,KGZ,2017,4.17
Kyrgyzstan,KGZ,2018,3.98
Kyrgyzstan,KGZ,2019,4.19
Kyrgyzstan,KGZ,2020,4.43
Laos,LAO,2003,0.0
Laos,LAO,2004,0.0
Laos,LAO,2005,0.01
Laos,LAO,2006,0.01
Laos,LAO,2007,0.02
Laos,LAO,2008,0.05
Laos,LAO,2009,0.07
Laos,LAO,2010,0.09
Laos,LAO,2011,0.1
Laos,LAO,2012,0.12
Laos,LAO,2013,0.14
Laos,LAO,2014,0.24
Laos,LAO,2015,0.22
Laos,LAO,2016,0.36
Laos,LAO,2017,0.39
Laos,LAO,2018,0.64
Laos,LAO,2019,1.06
Laos,LAO,2020,1.76
Latin America and Caribbean,,2000,0.04
Latin America and Caribbean,,2001,0.14
Latin America and Caribbean,,2002,0.32
Latin America and Caribbean,,2003,0.5
Latin America and Caribbean,,2004,1.21
Latin America and Caribbean,,2005,1.59
Latin America and Caribbean,,2006,2.43
Latin America and Caribbean,,2007,3.62
Latin America and Caribbean,,2008,4.97
Latin America and Caribbean,,2009,5.96
Latin America and Caribbean,,2010,6.75
Latin America and Caribbean,,2011,8.1
Latin America and Caribbean,,2012,8.59
Latin America and Caribbean,,2013,9.29
Latin America and Caribbean,,2014,10.0
Latin America and Caribbean,,2015,10.78
Latin America and Caribbean,,2016,11.38
Latin America and Caribbean,,2017,12.09
Latin America and Caribbean,,2018,13.17
Latin America and Caribbean,,2019,13.49
Latin America and Caribbean,,2020,14.83
Latvia,LVA,2000,0.01
Latvia,LVA,2001,0.14
Latvia,LVA,2002,0.43
Latvia,LVA,2003,0.85
Latvia,LVA,2004,2.16
Latvia,LVA,2005,2.7
Latvia,LVA,2006,4.93
Latvia,LVA,2007,15.4
Latvia,LVA,2008,18.98
Latvia,LVA,2009,21.2
Latvia,LVA,2010,20.52
Latvia,LVA,2011,21.85
Latvia,LVA,2012,23.01
Latvia,LVA,2013,24.25
Latvia,LVA,2014,24.98
Latvia,LVA,2015,25.2
Latvia,LVA,2016,26.3
Latvia,LVA,2017,26.97
Latvia,LVA,2018,27.28
Latvia,LVA,2019,26.69
Latvia,LVA,2020,26.01
Lebanon,LBN,2002,0.0
Lebanon,LBN,2003,0.0
Lebanon,LBN,2004,0.0
Lebanon,LBN,2005,0.0
Lebanon,LBN,2006,0.0
Lebanon,LBN,2007,1.05
Lebanon,LBN,2008,2.1
Lebanon,LBN,2009,4.09
Lebanon,LBN,2010,6.68
Lebanon,LBN,2011,7.73
Lebanon,LBN,2012,8.6
Lebanon,LBN,2013,8.12
Lebanon,LBN,2014,18.08
Lebanon,LBN,2019,6.13
Lebanon,LBN,2020,6.33
Lesotho,LSO,2004,0.0
Lesotho,LSO,2005,0.0
Lesotho,LSO,2007,0.01
Lesotho,LSO,2008,0.01
Lesotho,LSO,2009,0.02
Lesotho,LSO,2010,0.02
Lesotho,LSO,2011,0.07
Lesotho,LSO,2012,0.08
Lesotho,LSO,2013,0.11
Lesotho,LSO,2014,0.07
Lesotho,LSO,2015,0.1
Lesotho,LSO,2016,0.11
Lesotho,LSO,2017,0.23
Lesotho,LSO,2018,0.27
Lesotho,LSO,2019,0.22
Lesotho,LSO,2020,0.24
Liberia,LBR,2008,0.0
Liberia,LBR,2009,0.0
Liberia,LBR,2010,0.0
Liberia,LBR,2011,0.0
Liberia,LBR,2012,0.01
Liberia,LBR,2013,0.12
Liberia,LBR,2014,0.14
Liberia,LBR,2015,0.16
Liberia,LBR,2016,0.17
Liberia,LBR,2017,0.19
Liberia,LBR,2019,0.22
Liberia,LBR,2020,0.26
Libya,LBY,2008,0.76
Libya,LBY,2009,1.03
Libya,LBY,2010,1.17
Libya,LBY,2011,1.12
Libya,LBY,2012,1.07
Libya,LBY,2013,1.02
Libya,LBY,2014,0.99
Libya,LBY,2015,0.95
Libya,LBY,2016,2.6
Libya,LBY,2017,4.83
Libya,LBY,2019,4.69
Libya,LBY,2020,4.83
Liechtenstein,LIE,2002,4.24
Liechtenstein,LIE,2003,4.39
Liechtenstein,LIE,2004,13.76
Liechtenstein,LIE,2005,24.82
Liechtenstein,LIE,2006,28.6
Liechtenstein,LIE,2007,40.32
Liechtenstein,LIE,2008,43.84
Liechtenstein,LIE,2009,44.74
Liechtenstein,LIE,2010,42.37
Liechtenstein,LIE,2011,37.46
Liechtenstein,LIE,2012,39.37
Liechtenstein,LIE,2013,40.66
Liechtenstein,LIE,2014,41.94
Liechtenstein,LIE,2015,41.89
Liechtenstein,LIE,2016,42.32
Liechtenstein,LIE,2017,43.0
Liechtenstein,LIE,2018,44.08
Liechtenstein,LIE,2019,45.17
Liechtenstein,LIE,2020,47.34
Lithuania,LTU,2001,0.07
Lithuania,LTU,2002,0.58
Lithuania,LTU,2003,1.96
Lithuania,LTU,2004,3.82
Lithuania,LTU,2005,7.0
Lithuania,LTU,2006,11.16
Lithuania,LTU,2007,17.15
Lithuania,LTU,2008,18.37
Lithuania,LTU,2009,20.01
Lithuania,LTU,2010,21.75
Lithuania,LTU,2011,23.6
Lithuania,LTU,2012,25.25
Lithuania,LTU,2013,27.79
Lithuania,LTU,2014,26.99
Lithuania,LTU,2015,28.42
Lithuania,LTU,2016,29.68
Lithuania,LTU,2017,28.07
Lithuania,LTU,2018,28.16
Lithuania,LTU,2019,28.64
Lithuania,LTU,2020,29.27
Low and middle income,,2002,0.13
Low and middle income,,2003,0.35
Low and middle income,,2004,0.77
Low and middle income,,2005,1.07
Low and middle income,,2006,1.54
Low and middle income,,2007,2.02
Low and middle income,,2008,2.67
Low and middle income,,2009,3.39
Low and middle income,,2010,4.05
Low and middle income,,2011,5.07
Low and middle income,,2012,5.48
Low and middle income,,2013,5.86
Low and middle income,,2014,6.26
Low and middle income,,2015,7.67
Low and middle income,,2016,8.61
Low and middle income,,2017,10.05
Low and middle income,,2018,10.8
Low and middle income,,2019,11.21
Low and middle income,,2020,12.17
Low income,,2007,0.03
Low income,,2008,0.03
Low income,,2009,0.04
Low income,,2010,0.06
Low income,,2011,0.11
Low income,,2012,0.15
Low income,,2013,0.21
Low income,,2014,0.31
Low income,,2015,0.37
Low income,,2016,0.4
Low income,,2017,0.41
Low income,,2019,0.42
Low income,,2020,0.47
Lower middle income,,2002,0.01
Lower middle income,,2003,0.02
Lower middle income,,2004,0.04
Lower middle income,,2005,0.11
Lower middle income,,2006,0.21
Lower middle income,,2007,0.32
Lower middle income,,2008,0.51
Lower middle income,,2009,0.76
Lower middle income,,2010,0.97
Lower middle income,,2011,1.26
Lower middle income,,2012,1.42
Lower middle income,,2013,1.57
Lower middle income,,2014,1.78
Lower middle income,,2015,2.04
Lower middle income,,2016,2.38
Lower middle income,,2017,2.6
Lower middle income,,2018,2.91
Lower middle income,,2019,3.17
Lower middle income,,2020,3.66
Luxembourg,LUX,2001,0.28
Luxembourg,LUX,2002,1.31
Luxembourg,LUX,2003,3.43
Luxembourg,LUX,2004,8.08
Luxembourg,LUX,2005,15.31
Luxembourg,LUX,2006,21.25
Luxembourg,LUX,2007,27.1
Luxembourg,LUX,2008,29.5
Luxembourg,LUX,2009,31.44
Luxembourg,LUX,2010,33.15
Luxembourg,LUX,2011,32.69
Luxembourg,LUX,2012,31.97
Luxembourg,LUX,2013,32.53
Luxembourg,LUX,2014,33.69
Luxembourg,LUX,2015,34.46
Luxembourg,LUX,2016,35.06
Luxembourg,LUX,2017,36.26
Luxembourg,LUX,2018,37.12
Luxembourg,LUX,2019,37.37
Luxembourg,LUX,2020,37.57
Macao,MAC,2000,0.87
Macao,MAC,2001,2.24
Macao,MAC,2002,3.78
Macao,MAC,2003,6.04
Macao,MAC,2004,9.59
Macao,MAC,2005,14.09
Macao,MAC,2006,18.68
Macao,MAC,2007,21.9
Macao,MAC,2008,23.59
Macao,MAC,2009,23.96
Macao,MAC,2010,24.54
Macao,MAC,2011,24.99
Macao,MAC,2012,25.64
Macao,MAC,2013,26.29
Macao,MAC,2014,27.36
Macao,MAC,2015,28.23
Macao,MAC,2016,29.04
Macao,MAC,2017,29.88
Macao,MAC,2018,30.56
Macao,MAC,2019,31.23
Macao,MAC,2020,32.03
Madagascar,MDG,2006,0.01
Madagascar,MDG,2007,0.01
Madagascar,MDG,2008,0.02
Madagascar,MDG,2009,0.02
Madagascar,MDG,2010,0.03
Madagascar,MDG,2011,0.03
Madagascar,MDG,2012,0.14
Madagascar,MDG,2013,0.17
Madagascar,MDG,2014,0.11
Madagascar,MDG,2015,0.1
Madagascar,MDG,2016,0.11
Madagascar,MDG,2017,0.1
Madagascar,MDG,2018,0.1
Madagascar,MDG,2019,0.11
Madagascar,MDG,2020,0.12
Malawi,MWI,2003,0.0
Malawi,MWI,2004,0.0
Malawi,MWI,2005,0.0
Malawi,MWI,2007,0.01
Malawi,MWI,2008,0.01
Malawi,MWI,2009,0.01
Malawi,MWI,2010,0.01
Malawi,MWI,2011,0.01
Malawi,MWI,2012,0.01
Malawi,MWI,2013,0.06
Malawi,MWI,2014,0.05
Malawi,MWI,2015,0.03
Malawi,MWI,2016,0.05
Malawi,MWI,2017,0.06
Malawi,MWI,2018,0.06
Malawi,MWI,2019,0.06
Malawi,MWI,2020,0.06
Malaysia,MYS,2001,0.02
Malaysia,MYS,2002,0.08
Malaysia,MYS,2003,0.45
Malaysia,MYS,2004,1.0
Malaysia,MYS,2005,1.88
Malaysia,MYS,2006,2.87
Malaysia,MYS,2007,3.87
Malaysia,MYS,2008,4.88
Malaysia,MYS,2009,5.6
Malaysia,MYS,2010,7.44
Malaysia,MYS,2011,8.75
Malaysia,MYS,2012,10.05
Malaysia,MYS,2013,9.97
Malaysia,MYS,2014,10.25
Malaysia,MYS,2015,10.12
Malaysia,MYS,2016,8.86
Malaysia,MYS,2017,8.64
Malaysia,MYS,2018,8.55
Malaysia,MYS,2019,9.28
Malaysia,MYS,2020,10.38
Maldives,MDV,2002,0.06
Maldives,MDV,2003,0.17
Maldives,MDV,2004,0.23
Maldives,MDV,2005,1.02
Maldives,MDV,2006,1.92
Maldives,MDV,2007,3.1
Maldives,MDV,2008,4.47
Maldives,MDV,2009,4.35
Maldives,MDV,2010,4.25
Maldives,MDV,2011,4.64
Maldives,MDV,2012,4.55
Maldives,MDV,2013,4.9
Maldives,MDV,2014,4.56
Maldives,MDV,2015,5.09
Maldives,MDV,2016,6.16
Maldives,MDV,2017,7.36
Maldives,MDV,2018,9.19
Maldives,MDV,2019,10.01
Maldives,MDV,2020,11.78
Mali,MLI,2006,0.02
Mali,MLI,2007,0.02
Mali,MLI,2008,0.04
Mali,MLI,2009,0.06
Mali,MLI,2010,0.05
Mali,MLI,2011,0.05
Mali,MLI,2012,0.03
Mali,MLI,2013,0.02
Mali,MLI,2015,0.02
Mali,MLI,2016,0.12
Mali,MLI,2017,0.08
Mali,MLI,2018,0.63
Mali,MLI,2019,0.73
Mali,MLI,2020,1.2
Malta,MLT,2000,0.42
Malta,MLT,2001,2.31
Malta,MLT,2002,4.43
Malta,MLT,2003,5.67
Malta,MLT,2004,9.34
Malta,MLT,2005,12.7
Malta,MLT,2006,13.03
Malta,MLT,2007,20.59
Malta,MLT,2008,23.98
Malta,MLT,2009,27.62
Malta,MLT,2010,30.39
Malta,MLT,2011,30.81
Malta,MLT,2012,32.18
Malta,MLT,2013,33.56
Malta,MLT,2014,35.23
Malta,MLT,2015,37.64
Malta,MLT,2016,39.27
Malta,MLT,2017,41.4
Malta,MLT,2018,43.67
Malta,MLT,2019,45.99
Malta,MLT,2020,48.33
Marshall Islands,MHL,2013,2.26
Marshall Islands,MHL,2014,2.4
Marshall Islands,MHL,2015,1.74
Marshall Islands,MHL,2016,1.73
Marshall Islands,MHL,2017,1.72
Marshall Islands,MHL,2019,1.7
Marshall Islands,MHL,2020,1.69
Mauritania,MRT,2005,0.01
Mauritania,MRT,2006,0.03
Mauritania,MRT,2007,0.12
Mauritania,MRT,2008,0.18
Mauritania,MRT,2009,0.2
Mauritania,MRT,2010,0.17
Mauritania,MRT,2011,0.17
Mauritania,MRT,2012,0.18
Mauritania,MRT,2013,0.2
Mauritania,MRT,2014,0.2
Mauritania,MRT,2015,0.24
Mauritania,MRT,2016,0.27
Mauritania,MRT,2017,0.3
Mauritania,MRT,2018,0.3
Mauritania,MRT,2019,0.24
Mauritania,MRT,2020,0.4
Mauritius,MUS,2002,0.02
Mauritius,MUS,2003,0.1
Mauritius,MUS,2004,0.21
Mauritius,MUS,2005,0.44
Mauritius,MUS,2006,2.27
Mauritius,MUS,2007,2.85
Mauritius,MUS,2008,4.24
Mauritius,MUS,2009,5.86
Mauritius,MUS,2010,7.53
Mauritius,MUS,2011,9.45
Mauritius,MUS,2012,11.23
Mauritius,MUS,2013,12.94
Mauritius,MUS,2014,14.47
Mauritius,MUS,2015,15.67
Mauritius,MUS,2016,16.85
Mauritius,MUS,2017,19.45
Mauritius,MUS,2018,21.68
Mauritius,MUS,2019,24.2
Mauritius,MUS,2020,25.41
Mexico,MEX,2000,0.02
Mexico,MEX,2001,0.05
Mexico,MEX,2002,0.23
Mexico,MEX,2003,0.42
Mexico,MEX,2004,1.01
Mexico,MEX,2005,1.81
Mexico,MEX,2006,2.81
Mexico,MEX,2007,4.13
Mexico,MEX,2008,6.8
Mexico,MEX,2009,8.57
Mexico,MEX,2010,9.28
Mexico,MEX,2011,10.0
Mexico,MEX,2012,11.15
Mexico,MEX,2013,10.73
Mexico,MEX,2014,10.83
Mexico,MEX,2015,12.11
Mexico,MEX,2016,12.91
Mexico,MEX,2017,13.62
Mexico,MEX,2018,14.55
Mexico,MEX,2019,15.17
Mexico,MEX,2020,17.01
Micronesia (country),FSM,2003,0.01
Micronesia (country),FSM,2004,0.02
Micronesia (country),FSM,2005,0.04
Micronesia (country),FSM,2006,0.09
Micronesia (country),FSM,2007,0.11
Micronesia (country),FSM,2010,0.97
Micronesia (country),FSM,2013,1.95
Micronesia (country),FSM,2014,2.88
Micronesia (country),FSM,2015,3.01
Micronesia (country),FSM,2016,2.88
Micronesia (country),FSM,2017,3.39
Micronesia (country),FSM,2019,4.39
Micronesia (country),FSM,2020,5.22
Middle East and North Africa,,2002,0.17
Middle East and North Africa,,2003,0.33
Middle East and North Africa,,2005,0.88
Middle East and North Africa,,2006,0.89
Middle East and North Africa,,2007,1.29
Middle East and North Africa,,2008,1.71
Middle East and North Africa,,2009,2.16
Middle East and North Africa,,2010,2.61
Middle East and North Africa,,2011,3.49
Middle East and North Africa,,2012,4.36
Middle East and North Africa,,2013,4.64
Middle East and North Africa,,2014,5.43
Middle East and North Africa,,2015,7.01
Middle East and North Africa,,2016,7.67
Middle East and North Africa,,2017,9.03
Middle East and North Africa,,2018,9.76
Middle East and North Africa,,2019,9.71
Middle East and North Africa,,2020,11.02
Middle income,,2001,0.03
Middle income,,2002,0.13
Middle income,,2003,0.36
Middle income,,2004,0.81
Middle income,,2005,1.13
Middle income,,2006,1.64
Middle income,,2007,2.16
Middle income,,2008,2.85
Middle income,,2009,3.6
Middle income,,2010,4.41
Middle income,,2011,5.44
Middle income,,2012,5.93
Middle income,,2013,6.41
Middle income,,2014,6.82
Middle income,,2015,8.4
Middle income,,2016,9.45
Middle income,,2017,10.97
Middle income,,2018,11.52
Middle income,,2019,12.35
Middle income,,2020,13.39
Moldova,MDA,2001,0.01
Moldova,MDA,2002,0.01
Moldova,MDA,2003,0.01
Moldova,MDA,2004,0.06
Moldova,MDA,2005,0.25
Moldova,MDA,2006,0.53
Moldova,MDA,2007,1.28
Moldova,MDA,2008,2.8
Moldova,MDA,2009,4.58
Moldova,MDA,2010,6.63
Moldova,MDA,2011,8.74
Moldova,MDA,2012,10.27
Moldova,MDA,2013,11.52
Moldova,MDA,2014,12.5
Moldova,MDA,2015,13.13
Moldova,MDA,2016,13.71
Moldova,MDA,2017,14.39
Moldova,MDA,2018,15.38
Moldova,MDA,2019,16.58
Moldova,MDA,2020,17.82
Monaco,MCO,2000,2.49
Monaco,MCO,2001,8.19
Monaco,MCO,2002,14.95
Monaco,MCO,2003,19.71
Monaco,MCO,2004,22.7
Monaco,MCO,2005,28.07
Monaco,MCO,2006,32.17
Monaco,MCO,2007,35.63
Monaco,MCO,2008,37.28
Monaco,MCO,2009,38.04
Monaco,MCO,2010,38.75
Monaco,MCO,2011,44.19
Monaco,MCO,2012,44.59
Monaco,MCO,2013,45.79
Monaco,MCO,2014,47.69
Monaco,MCO,2015,48.66
Monaco,MCO,2016,48.89
Monaco,MCO,2017,50.16
Monaco,MCO,2018,50.89
Monaco,MCO,2019,52.55
Monaco,MCO,2020,53.2
Mongolia,MNG,2001,0.0
Mongolia,MNG,2002,0.0
Mongolia,MNG,2003,0.02
Mongolia,MNG,2004,0.04
Mongolia,MNG,2005,0.07
Mongolia,MNG,2006,0.14
Mongolia,MNG,2007,0.29
Mongolia,MNG,2008,1.24
Mongolia,MNG,2009,1.5
Mongolia,MNG,2010,2.82
Mongolia,MNG,2011,3.39
Mongolia,MNG,2012,3.9
Mongolia,MNG,2013,4.85
Mongolia,MNG,2014,6.71
Mongolia,MNG,2015,6.94
Mongolia,MNG,2016,7.4
Mongolia,MNG,2017,9.16
Mongolia,MNG,2018,9.66
Mongolia,MNG,2019,9.84
Mongolia,MNG,2020,9.37
Montenegro,MNE,2005,1.24
Montenegro,MNE,2007,2.88
Montenegro,MNE,2008,6.4
Montenegro,MNE,2009,9.52
Montenegro,MNE,2010,10.36
Montenegro,MNE,2011,10.35
Montenegro,MNE,2012,14.02
Montenegro,MNE,2013,15.28
Montenegro,MNE,2014,16.57
Montenegro,MNE,2015,17.93
Montenegro,MNE,2016,18.31
Montenegro,MNE,2017,21.9
Montenegro,MNE,2018,25.33
Montenegro,MNE,2019,28.47
Montenegro,MNE,2020,29.32
Morocco,MAR,2002,0.01
Morocco,MAR,2003,0.01
Morocco,MAR,2004,0.21
Morocco,MAR,2005,0.82
Morocco,MAR,2006,1.27
Morocco,MAR,2007,1.53
Morocco,MAR,2008,1.56
Morocco,MAR,2009,1.5
Morocco,MAR,2010,1.56
Morocco,MAR,2011,1.82
Morocco,MAR,2012,2.07
Morocco,MAR,2013,2.5
Morocco,MAR,2014,2.91
Morocco,MAR,2015,3.31
Morocco,MAR,2016,3.57
Morocco,MAR,2017,3.88
Morocco,MAR,2018,4.31
Morocco,MAR,2019,4.8
Morocco,MAR,2020,5.7
Mozambique,MOZ,2006,0.01
Mozambique,MOZ,2007,0.03
Mozambique,MOZ,2008,0.05
Mozambique,MOZ,2009,0.06
Mozambique,MOZ,2010,0.07
Mozambique,MOZ,2011,0.12
Mozambique,MOZ,2012,0.12
Mozambique,MOZ,2013,0.11
Mozambique,MOZ,2014,0.14
Mozambique,MOZ,2015,0.16
Mozambique,MOZ,2016,0.17
Mozambique,MOZ,2017,0.22
Mozambique,MOZ,2018,0.24
Mozambique,MOZ,2019,0.23
Mozambique,MOZ,2020,0.22
Myanmar,MMR,2005,0.0
Myanmar,MMR,2006,0.01
Myanmar,MMR,2007,0.01
Myanmar,MMR,2008,0.02
Myanmar,MMR,2009,0.05
Myanmar,MMR,2010,0.05
Myanmar,MMR,2011,0.04
Myanmar,MMR,2015,0.06
Myanmar,MMR,2016,0.17
Myanmar,MMR,2017,0.21
Myanmar,MMR,2018,0.24
Myanmar,MMR,2019,0.9
Myanmar,MMR,2020,1.27
Namibia,NAM,2005,0.01
Namibia,NAM,2006,0.01
Namibia,NAM,2007,0.01
Namibia,NAM,2008,0.02
Namibia,NAM,2009,0.02
Namibia,NAM,2010,0.45
Namibia,NAM,2011,0.82
Namibia,NAM,2012,1.1
Namibia,NAM,2013,1.6
Namibia,NAM,2014,1.81
Namibia,NAM,2015,3.04
Namibia,NAM,2016,2.73
Namibia,NAM,2017,2.74
Namibia,NAM,2018,2.53
Namibia,NAM,2019,2.54
Namibia,NAM,2020,2.8
Nauru,NRU,2010,9.5
Nepal,NPL,2006,0.0
Nepal,NPL,2007,0.04
Nepal,NPL,2008,0.05
Nepal,NPL,2009,0.06
Nepal,NPL,2010,0.22
Nepal,NPL,2011,0.35
Nepal,NPL,2012,0.85
Nepal,NPL,2013,1.16
Nepal,NPL,2014,0.93
Nepal,NPL,2015,1.12
Nepal,NPL,2016,0.82
Nepal,NPL,2017,1.82
Nepal,NPL,2018,2.82
Nepal,NPL,2019,3.6
Nepal,NPL,2020,4.36
Netherlands,NLD,1998,0.48
Netherlands,NLD,2000,1.63
Netherlands,NLD,2001,2.91
Netherlands,NLD,2002,7.27
Netherlands,NLD,2003,12.27
Netherlands,NLD,2004,19.68
Netherlands,NLD,2005,25.05
Netherlands,NLD,2006,31.58
Netherlands,NLD,2007,33.36
Netherlands,NLD,2008,35.04
Netherlands,NLD,2009,36.86
Netherlands,NLD,2010,37.94
Netherlands,NLD,2011,38.82
Netherlands,NLD,2012,39.63
Netherlands,NLD,2013,40.32
Netherlands,NLD,2014,40.56
Netherlands,NLD,2015,41.5
Netherlands,NLD,2016,42.53
Netherlands,NLD,2017,42.83
Netherlands,NLD,2018,43.42
Netherlands,NLD,2019,43.62
Netherlands,NLD,2020,43.92
New Caledonia,NCL,2001,0.06
New Caledonia,NCL,2002,0.31
New Caledonia,NCL,2003,0.73
New Caledonia,NCL,2004,2.21
New Caledonia,NCL,2005,4.06
New Caledonia,NCL,2006,6.5
New Caledonia,NCL,2007,8.35
New Caledonia,NCL,2008,10.32
New Caledonia,NCL,2009,13.24
New Caledonia,NCL,2010,15.07
New Caledonia,NCL,2011,16.64
New Caledonia,NCL,2012,18.38
New Caledonia,NCL,2013,20.28
New Caledonia,NCL,2014,21.77
New Caledonia,NCL,2015,20.43
New Caledonia,NCL,2019,19.45
New Caledonia,NCL,2020,19.26
New Zealand,NZL,2000,0.12
New Zealand,NZL,2001,0.44
New Zealand,NZL,2002,1.1
New Zealand,NZL,2003,2.06
New Zealand,NZL,2004,4.7
New Zealand,NZL,2005,7.76
New Zealand,NZL,2006,11.23
New Zealand,NZL,2007,20.15
New Zealand,NZL,2008,21.39
New Zealand,NZL,2009,23.65
New Zealand,NZL,2010,24.99
New Zealand,NZL,2011,26.66
New Zealand,NZL,2012,28.47
New Zealand,NZL,2013,29.12
New Zealand,NZL,2014,30.87
New Zealand,NZL,2015,31.44
New Zealand,NZL,2016,32.85
New Zealand,NZL,2017,33.67
New Zealand,NZL,2018,34.74
New Zealand,NZL,2019,35.49
New Zealand,NZL,2020,36.6
Nicaragua,NIC,2000,0.01
Nicaragua,NIC,2001,0.03
Nicaragua,NIC,2002,0.04
Nicaragua,NIC,2003,0.08
Nicaragua,NIC,2004,0.09
Nicaragua,NIC,2005,0.19
Nicaragua,NIC,2006,0.35
Nicaragua,NIC,2007,0.49
Nicaragua,NIC,2008,0.76
Nicaragua,NIC,2009,1.37
Nicaragua,NIC,2010,1.26
Nicaragua,NIC,2011,1.44
Nicaragua,NIC,2012,1.69
Nicaragua,NIC,2013,2.17
Nicaragua,NIC,2014,1.81
Nicaragua,NIC,2015,1.87
Nicaragua,NIC,2016,2.81
Nicaragua,NIC,2017,3.29
Nicaragua,NIC,2018,2.98
Nicaragua,NIC,2019,3.32
Nicaragua,NIC,2020,4.38
Niger,NER,2004,0.0
Niger,NER,2005,0.0
Niger,NER,2006,0.0
Niger,NER,2007,0.0
Niger,NER,2008,0.0
Niger,NER,2009,0.01
Niger,NER,2010,0.01
Niger,NER,2011,0.01
Niger,NER,2012,0.02
Niger,NER,2013,0.03
Niger,NER,2014,0.16
Niger,NER,2015,0.14
Niger,NER,2016,0.04
Niger,NER,2017,0.04
Niger,NER,2019,0.05
Niger,NER,2020,0.05
Nigeria,NGA,2005,0.0
Nigeria,NGA,2007,0.04
Nigeria,NGA,2008,0.05
Nigeria,NGA,2009,0.05
Nigeria,NGA,2010,0.06
Nigeria,NGA,2012,0.01
Nigeria,NGA,2013,0.01
Nigeria,NGA,2014,0.01
Nigeria,NGA,2015,0.01
Nigeria,NGA,2016,0.06
Nigeria,NGA,2017,0.06
Nigeria,NGA,2018,0.04
Nigeria,NGA,2019,0.04
Nigeria,NGA,2020,0.03
North America,,1998,0.28
North America,,1999,1.08
North America,,2000,2.72
North America,,2001,4.95
North America,,2002,7.35
North America,,2003,10.04
North America,,2004,13.19
North America,,2005,17.78
North America,,2006,20.68
North America,,2007,24.22
North America,,2008,25.83
North America,,2009,26.56
North America,,2010,27.79
North America,,2011,28.78
North America,,2012,29.86
North America,,2013,30.75
North America,,2014,31.15
North America,,2015,32.32
North America,,2016,33.14
North America,,2017,33.75
North America,,2018,34.38
North America,,2019,35.31
North America,,2020,37.15
North Macedonia,MKD,2005,0.6
North Macedonia,MKD,2006,1.77
North Macedonia,MKD,2007,4.87
North Macedonia,MKD,2008,8.76
North Macedonia,MKD,2009,11.25
North Macedonia,MKD,2010,12.5
North Macedonia,MKD,2011,13.59
North Macedonia,MKD,2012,15.05
North Macedonia,MKD,2013,16.3
North Macedonia,MKD,2014,17.04
North Macedonia,MKD,2015,17.53
North Macedonia,MKD,2016,18.34
North Macedonia,MKD,2017,19.03
North Macedonia,MKD,2018,20.55
North Macedonia,MKD,2019,21.81
North Macedonia,MKD,2020,22.83
Norway,NOR,2000,0.52
Norway,NOR,2001,1.96
Norway,NOR,2002,4.52
Norway,NOR,2003,8.73
Norway,NOR,2004,14.61
Norway,NOR,2005,21.4
Norway,NOR,2006,26.63
Norway,NOR,2007,30.88
Norway,NOR,2008,33.06
Norway,NOR,2009,34.56
Norway,NOR,2010,35.27
Norway,NOR,2011,36.09
Norway,NOR,2012,37.05
Norway,NOR,2013,37.62
Norway,NOR,2014,38.45
Norway,NOR,2015,39.43
Norway,NOR,2016,40.13
Norway,NOR,2017,40.88
Norway,NOR,2018,41.32
Norway,NOR,2019,42.03
Norway,NOR,2020,44.04
Oman,OMN,2002,0.0
Oman,OMN,2003,0.01
Oman,OMN,2004,0.03
Oman,OMN,2005,0.53
Oman,OMN,2006,0.78
Oman,OMN,2007,0.76
Oman,OMN,2008,1.18
Oman,OMN,2009,1.43
Oman,OMN,2010,1.93
Oman,OMN,2011,2.41
Oman,OMN,2012,3.24
Oman,OMN,2013,4.1
Oman,OMN,2014,4.4
Oman,OMN,2015,5.47
Oman,OMN,2016,6.35
Oman,OMN,2017,7.48
Oman,OMN,2018,9.17
Oman,OMN,2019,10.24
Oman,OMN,2020,10.85
Pakistan,PAK,2005,0.01
Pakistan,PAK,2006,0.02
Pakistan,PAK,2007,0.03
Pakistan,PAK,2008,0.1
Pakistan,PAK,2009,0.22
Pakistan,PAK,2010,0.44
Pakistan,PAK,2011,0.64
Pakistan,PAK,2012,0.81
Pakistan,PAK,2013,0.85
Pakistan,PAK,2014,1.03
Pakistan,PAK,2015,0.9
Pakistan,PAK,2016,1.22
Pakistan,PAK,2017,1.11
Pakistan,PAK,2018,0.99
Pakistan,PAK,2019,0.94
Pakistan,PAK,2020,1.14
Palau,PLW,2004,0.37
Palau,PLW,2005,0.51
Palau,PLW,2006,0.5
Palau,PLW,2007,0.53
Palau,PLW,2008,0.59
Palau,PLW,2009,0.78
Palau,PLW,2010,1.33
Palau,PLW,2011,2.92
Palau,PLW,2012,5.09
Palau,PLW,2013,10.25
Palau,PLW,2014,6.3
Palau,PLW,2015,6.93
Palestine,PSE,2004,0.0
Palestine,PSE,2005,0.21
Palestine,PSE,2006,0.74
Palestine,PSE,2007,1.48
Palestine,PSE,2011,3.76
Palestine,PSE,2012,4.39
Palestine,PSE,2013,4.92
Palestine,PSE,2014,5.31
Palestine,PSE,2015,6.06
Palestine,PSE,2016,6.92
Palestine,PSE,2017,7.58
Palestine,PSE,2018,7.49
Palestine,PSE,2019,7.32
Palestine,PSE,2020,7.39
Panama,PAN,2001,0.25
Panama,PAN,2002,0.39
Panama,PAN,2003,0.47
Panama,PAN,2004,0.51
Panama,PAN,2005,0.53
Panama,PAN,2006,3.32
Panama,PAN,2007,4.35
Panama,PAN,2008,5.58
Panama,PAN,2009,6.55
Panama,PAN,2010,7.09
Panama,PAN,2011,7.63
Panama,PAN,2012,7.82
Panama,PAN,2013,8.01
Panama,PAN,2014,7.95
Panama,PAN,2015,7.97
Panama,PAN,2016,10.65
Panama,PAN,2017,10.74
Panama,PAN,2018,12.93
Panama,PAN,2019,12.61
Panama,PAN,2020,13.03
Papua New Guinea,PNG,2008,0.04
Papua New Guinea,PNG,2009,0.06
Papua New Guinea,PNG,2010,0.08
Papua New Guinea,PNG,2011,0.1
Papua New Guinea,PNG,2012,0.12
Papua New Guinea,PNG,2013,0.15
Papua New Guinea,PNG,2014,0.17
Papua New Guinea,PNG,2015,0.19
Papua New Guinea,PNG,2016,0.21
Papua New Guinea,PNG,2017,0.21
Papua New Guinea,PNG,2019,0.23
Papua New Guinea,PNG,2020,0.23
Paraguay,PRY,2000,0.0
Paraguay,PRY,2001,0.01
Paraguay,PRY,2002,0.01
Paraguay,PRY,2003,0.01
Paraguay,PRY,2004,0.05
Paraguay,PRY,2005,0.1
Paraguay,PRY,2006,0.1
Paraguay,PRY,2007,0.14
Paraguay,PRY,2008,0.21
Paraguay,PRY,2009,1.26
Paraguay,PRY,2010,1.43
Paraguay,PRY,2011,1.9
Paraguay,PRY,2012,2.12
Paraguay,PRY,2013,2.41
Paraguay,PRY,2014,2.81
Paraguay,PRY,2015,3.22
Paraguay,PRY,2016,3.64
Paraguay,PRY,2017,4.23
Paraguay,PRY,2018,4.61
Paraguay,PRY,2019,5.85
Paraguay,PRY,2020,7.88
Peru,PER,1999,0.0
Peru,PER,2000,0.0
Peru,PER,2002,0.14
Peru,PER,2003,0.34
Peru,PER,2004,0.82
Peru,PER,2005,1.27
Peru,PER,2006,1.73
Peru,PER,2007,2.01
Peru,PER,2008,2.54
Peru,PER,2009,2.87
Peru,PER,2010,3.21
Peru,PER,2011,4.14
Peru,PER,2012,4.89
Peru,PER,2013,5.42
Peru,PER,2014,5.87
Peru,PER,2015,6.56
Peru,PER,2016,6.86
Peru,PER,2017,7.35
Peru,PER,2018,7.93
Peru,PER,2019,8.56
Peru,PER,2020,9.23
Philippines,PHL,2001,0.01
Philippines,PHL,2002,0.03
Philippines,PHL,2003,0.07
Philippines,PHL,2004,0.11
Philippines,PHL,2005,0.14
Philippines,PHL,2006,0.3
Philippines,PHL,2007,0.55
Philippines,PHL,2008,1.15
Philippines,PHL,2009,1.86
Philippines,PHL,2011,1.87
Philippines,PHL,2012,2.21
Philippines,PHL,2013,2.6
Philippines,PHL,2014,2.89
Philippines,PHL,2015,2.84
Philippines,PHL,2016,2.88
Philippines,PHL,2017,3.23
Philippines,PHL,2018,3.55
Philippines,PHL,2019,5.48
Philippines,PHL,2020,7.24
Poland,POL,2001,0.03
Poland,POL,2002,0.32
Poland,POL,2003,0.51
Poland,POL,2004,2.28
Poland,POL,2005,2.46
Poland,POL,2006,7.59
Poland,POL,2007,10.88
Poland,POL,2008,11.63
Poland,POL,2009,14.59
Poland,POL,2010,15.28
Poland,POL,2011,18.21
Poland,POL,2012,18.02
Poland,POL,2013,18.43
Poland,POL,2014,18.99
Poland,POL,2015,19.1
Poland,POL,2016,19.29
Poland,POL,2017,20.11
Poland,POL,2018,20.7
Poland,POL,2019,20.69
Poland,POL,2020,22.11
Portugal,PRT,1999,0.0
Portugal,PRT,2000,0.24
Portugal,PRT,2001,0.96
Portugal,PRT,2002,2.51
Portugal,PRT,2003,4.81
Portugal,PRT,2004,8.01
Portugal,PRT,2005,11.09
Portugal,PRT,2006,13.5
Portugal,PRT,2007,14.44
Portugal,PRT,2008,15.44
Portugal,PRT,2009,18.03
Portugal,PRT,2010,20.07
Portugal,PRT,2011,21.22
Portugal,PRT,2012,22.71
Portugal,PRT,2013,24.48
Portugal,PRT,2014,27.43
Portugal,PRT,2015,30.31
Portugal,PRT,2016,32.69
Portugal,PRT,2017,34.74
Portugal,PRT,2018,36.9
Portugal,PRT,2019,38.8
Portugal,PRT,2020,40.81
Puerto Rico,PRI,2001,0.07
Puerto Rico,PRI,2002,0.62
Puerto Rico,PRI,2003,1.49
Puerto Rico,PRI,2004,2.37
Puerto Rico,PRI,2005,3.26
Puerto Rico,PRI,2006,4.15
Puerto Rico,PRI,2007,5.04
Puerto Rico,PRI,2008,11.82
Puerto Rico,PRI,2009,13.35
Puerto Rico,PRI,2010,15.41
Puerto Rico,PRI,2011,15.68
Puerto Rico,PRI,2012,16.21
Puerto Rico,PRI,2013,17.17
Puerto Rico,PRI,2014,17.67
Puerto Rico,PRI,2015,20.83
Puerto Rico,PRI,2016,20.92
Puerto Rico,PRI,2017,20.86
Puerto Rico,PRI,2018,20.04
Puerto Rico,PRI,2019,20.79
Puerto Rico,PRI,2020,23.46
Qatar,QAT,2002,0.04
Qatar,QAT,2003,0.44
Qatar,QAT,2004,1.45
Qatar,QAT,2005,2.96
Qatar,QAT,2006,4.57
Qatar,QAT,2007,7.2
Qatar,QAT,2008,7.39
Qatar,QAT,2009,8.75
Qatar,QAT,2010,7.85
Qatar,QAT,2011,8.09
Qatar,QAT,2012,8.43
Qatar,QAT,2013,9.22
Qatar,QAT,2014,9.17
Qatar,QAT,2015,9.27
Qatar,QAT,2016,9.56
Qatar,QAT,2017,9.42
Qatar,QAT,2018,9.63
Qatar,QAT,2019,10.05
Qatar,QAT,2020,10.28
Romania,ROU,2001,0.03
Romania,ROU,2002,0.07
Romania,ROU,2003,0.9
Romania,ROU,2004,0.48
Romania,ROU,2005,1.76
Romania,ROU,2006,5.13
Romania,ROU,2007,9.28
Romania,ROU,2008,12.09
Romania,ROU,2009,13.63
Romania,ROU,2010,14.66
Romania,ROU,2011,16.14
Romania,ROU,2012,17.51
Romania,ROU,2013,18.83
Romania,ROU,2014,20.05
Romania,ROU,2015,21.39
Romania,ROU,2016,22.48
Romania,ROU,2017,24.19
Romania,ROU,2018,26.09
Romania,ROU,2019,27.25
Romania,ROU,2020,29.55
Russia,RUS,2002,0.01
Russia,RUS,2003,0.24
Russia,RUS,2004,0.47
Russia,RUS,2005,1.11
Russia,RUS,2006,2.02
Russia,RUS,2007,3.42
Russia,RUS,2008,6.48
Russia,RUS,2009,9.0
Russia,RUS,2010,10.94
Russia,RUS,2011,12.27
Russia,RUS,2012,14.53
Russia,RUS,2013,16.45
Russia,RUS,2014,17.25
Russia,RUS,2015,18.54
Russia,RUS,2016,18.95
Russia,RUS,2017,21.37
Russia,RUS,2018,22.0
Russia,RUS,2019,22.52
Russia,RUS,2020,23.23
Rwanda,RWA,2004,0.01
Rwanda,RWA,2005,0.01
Rwanda,RWA,2006,0.02
Rwanda,RWA,2007,0.03
Rwanda,RWA,2008,0.01
Rwanda,RWA,2009,0.02
Rwanda,RWA,2010,0.04
Rwanda,RWA,2011,0.08
Rwanda,RWA,2012,0.05
Rwanda,RWA,2013,0.03
Rwanda,RWA,2014,0.03
Rwanda,RWA,2015,0.19
Rwanda,RWA,2016,0.19
Rwanda,RWA,2017,0.18
Rwanda,RWA,2018,0.06
Rwanda,RWA,2019,0.07
Rwanda,RWA,2020,0.14
Saint Kitts and Nevis,KNA,2002,1.11
Saint Kitts and Nevis,KNA,2003,4.37
Saint Kitts and Nevis,KNA,2004,9.5
Saint Kitts and Nevis,KNA,2005,13.87
Saint Kitts and Nevis,KNA,2006,18.59
Saint Kitts and Nevis,KNA,2007,20.09
Saint Kitts and Nevis,KNA,2008,23.04
Saint Kitts and Nevis,KNA,2009,26.75
Saint Kitts and Nevis,KNA,2010,29.79
Saint Kitts and Nevis,KNA,2011,25.48
Saint Kitts and Nevis,KNA,2012,26.06
Saint Kitts and Nevis,KNA,2013,26.43
Saint Kitts and Nevis,KNA,2014,27.61
Saint Kitts and Nevis,KNA,2015,31.98
Saint Kitts and Nevis,KNA,2016,27.46
Saint Kitts and Nevis,KNA,2017,56.24
Saint Kitts and Nevis,KNA,2018,31.24
Saint Kitts and Nevis,KNA,2019,38.58
Saint Kitts and Nevis,KNA,2020,56.39
Saint Lucia,LCA,2003,0.87
Saint Lucia,LCA,2004,2.35
Saint Lucia,LCA,2005,4.28
Saint Lucia,LCA,2006,4.34
Saint Lucia,LCA,2007,6.61
Saint Lucia,LCA,2008,9.13
Saint Lucia,LCA,2009,10.79
Saint Lucia,LCA,2010,11.77
Saint Lucia,LCA,2011,12.16
Saint Lucia,LCA,2012,13.91
Saint Lucia,LCA,2013,13.92
Saint Lucia,LCA,2014,15.82
Saint Lucia,LCA,2015,15.87
Saint Lucia,LCA,2016,16.55
Saint Lucia,LCA,2017,17.59
Saint Lucia,LCA,2018,17.74
Saint Lucia,LCA,2019,8.64
Saint Lucia,LCA,2020,17.97
Saint Vincent and the Grenadines,VCT,2001,0.08
Saint Vincent and the Grenadines,VCT,2002,1.0
Saint Vincent and the Grenadines,VCT,2003,1.06
Saint Vincent and the Grenadines,VCT,2004,1.22
Saint Vincent and the Grenadines,VCT,2005,3.36
Saint Vincent and the Grenadines,VCT,2006,5.17
Saint Vincent and the Grenadines,VCT,2007,7.35
Saint Vincent and the Grenadines,VCT,2008,8.64
Saint Vincent and the Grenadines,VCT,2009,10.63
Saint Vincent and the Grenadines,VCT,2010,11.55
Saint Vincent and the Grenadines,VCT,2011,12.23
Saint Vincent and the Grenadines,VCT,2012,12.56
Saint Vincent and the Grenadines,VCT,2013,13.44
Saint Vincent and the Grenadines,VCT,2014,13.52
Saint Vincent and the Grenadines,VCT,2015,15.54
Saint Vincent and the Grenadines,VCT,2016,19.98
Saint Vincent and the Grenadines,VCT,2017,17.55
Saint Vincent and the Grenadines,VCT,2018,22.33
Saint Vincent and the Grenadines,VCT,2019,19.64
Saint Vincent and the Grenadines,VCT,2020,22.29
Samoa,WSM,2004,0.02
Samoa,WSM,2005,0.04
Samoa,WSM,2006,0.05
Samoa,WSM,2007,0.07
Samoa,WSM,2008,0.09
Samoa,WSM,2009,0.11
Samoa,WSM,2010,0.11
Samoa,WSM,2012,0.57
Samoa,WSM,2013,0.65
Samoa,WSM,2014,1.05
Samoa,WSM,2015,1.08
Samoa,WSM,2016,1.11
Samoa,WSM,2017,0.87
Samoa,WSM,2018,0.86
Samoa,WSM,2019,0.86
Samoa,WSM,2020,0.85
San Marino,SMR,2003,2.1
San Marino,SMR,2004,3.72
San Marino,SMR,2005,4.16
San Marino,SMR,2006,4.98
San Marino,SMR,2007,5.32
San Marino,SMR,2008,16.1
San Marino,SMR,2009,17.67
San Marino,SMR,2010,19.19
San Marino,SMR,2011,20.65
San Marino,SMR,2012,30.84
San Marino,SMR,2013,31.43
San Marino,SMR,2014,35.51
San Marino,SMR,2015,34.99
San Marino,SMR,2016,35.82
San Marino,SMR,2017,31.18
San Marino,SMR,2018,32.14
San Marino,SMR,2019,32.73
San Marino,SMR,2020,32.42
Sao Tome and Principe,STP,2006,0.08
Sao Tome and Principe,STP,2007,0.19
Sao Tome and Principe,STP,2008,0.2
Sao Tome and Principe,STP,2009,0.25
Sao Tome and Principe,STP,2010,0.32
Sao Tome and Principe,STP,2011,0.4
Sao Tome and Principe,STP,2012,0.41
Sao Tome and Principe,STP,2013,0.51
Sao Tome and Principe,STP,2014,0.56
Sao Tome and Principe,STP,2015,0.66
Sao Tome and Principe,STP,2016,0.7
Sao Tome and Principe,STP,2017,0.71
Sao Tome and Principe,STP,2018,0.74
Sao Tome and Principe,STP,2019,0.76
Sao Tome and Principe,STP,2020,1.15
Saudi Arabia,SAU,2001,0.07
Saudi Arabia,SAU,2002,0.16
Saudi Arabia,SAU,2003,0.2
Saudi Arabia,SAU,2004,0.3
Saudi Arabia,SAU,2005,0.28
Saudi Arabia,SAU,2006,0.89
Saudi Arabia,SAU,2007,2.47
Saudi Arabia,SAU,2008,4.05
Saudi Arabia,SAU,2009,5.4
Saudi Arabia,SAU,2010,6.24
Saudi Arabia,SAU,2011,6.9
Saudi Arabia,SAU,2012,8.71
Saudi Arabia,SAU,2015,19.97
Saudi Arabia,SAU,2016,19.72
Saudi Arabia,SAU,2017,20.1
Saudi Arabia,SAU,2018,20.24
Saudi Arabia,SAU,2019,19.85
Saudi Arabia,SAU,2020,22.66
Senegal,SEN,2002,0.01
Senegal,SEN,2003,0.02
Senegal,SEN,2004,0.07
Senegal,SEN,2005,0.16
Senegal,SEN,2006,0.25
Senegal,SEN,2007,0.33
Senegal,SEN,2008,0.39
Senegal,SEN,2009,0.48
Senegal,SEN,2010,0.62
Senegal,SEN,2011,0.71
Senegal,SEN,2012,0.71
Senegal,SEN,2013,0.77
Senegal,SEN,2014,0.73
Senegal,SEN,2015,0.69
Senegal,SEN,2016,0.66
Senegal,SEN,2017,0.73
Senegal,SEN,2018,0.82
Senegal,SEN,2019,0.93
Senegal,SEN,2020,0.92
Serbia,SRB,2005,0.45
Serbia,SRB,2006,1.64
Serbia,SRB,2007,4.4
Serbia,SRB,2008,6.21
Serbia,SRB,2009,8.06
Serbia,SRB,2010,11.8
Serbia,SRB,2011,13.44
Serbia,SRB,2012,14.81
Serbia,SRB,2013,16.42
Serbia,SRB,2014,16.74
Serbia,SRB,2015,18.66
Serbia,SRB,2016,20.61
Serbia,SRB,2017,21.15
Serbia,SRB,2018,22.29
Serbia,SRB,2019,23.44
Serbia,SRB,2020,25.18
Seychelles,SYC,2004,0.4
Seychelles,SYC,2005,1.07
Seychelles,SYC,2006,2.76
Seychelles,SYC,2007,3.88
Seychelles,SYC,2008,3.78
Seychelles,SYC,2009,5.02
Seychelles,SYC,2010,7.44
Seychelles,SYC,2011,10.24
Seychelles,SYC,2012,11.42
Seychelles,SYC,2013,13.29
Seychelles,SYC,2014,12.55
Seychelles,SYC,2015,14.13
Seychelles,SYC,2016,14.66
Seychelles,SYC,2017,15.79
Seychelles,SYC,2018,20.28
Seychelles,SYC,2019,27.6
Seychelles,SYC,2020,35.55
Singapore,SGP,1998,0.26
Singapore,SGP,1999,0.76
Singapore,SGP,2000,1.71
Singapore,SGP,2001,3.7
Singapore,SGP,2002,6.58
Singapore,SGP,2003,10.1
Singapore,SGP,2004,13.05
Singapore,SGP,2005,15.38
Singapore,SGP,2006,17.9
Singapore,SGP,2007,20.22
Singapore,SGP,2008,22.43
Singapore,SGP,2009,24.84
Singapore,SGP,2010,26.08
Singapore,SGP,2011,26.75
Singapore,SGP,2012,26.68
Singapore,SGP,2013,27.38
Singapore,SGP,2014,26.68
Singapore,SGP,2015,26.58
Singapore,SGP,2016,28.16
Singapore,SGP,2017,25.85
Singapore,SGP,2018,25.94
Singapore,SGP,2019,25.91
Singapore,SGP,2020,25.81
Slovakia,SVK,2002,0.08
Slovakia,SVK,2003,0.42
Slovakia,SVK,2004,1.46
Slovakia,SVK,2005,3.36
Slovakia,SVK,2006,5.64
Slovakia,SVK,2007,10.13
Slovakia,SVK,2008,11.2
Slovakia,SVK,2009,14.35
Slovakia,SVK,2010,16.23
Slovakia,SVK,2011,17.62
Slovakia,SVK,2012,19.31
Slovakia,SVK,2013,20.46
Slovakia,SVK,2014,21.94
Slovakia,SVK,2015,23.43
Slovakia,SVK,2016,24.56
Slovakia,SVK,2017,25.8
Slovakia,SVK,2018,27.65
Slovakia,SVK,2019,29.15
Slovakia,SVK,2020,31.17
Slovenia,SVN,2001,0.28
Slovenia,SVN,2002,2.85
Slovenia,SVN,2003,2.92
Slovenia,SVN,2004,5.78
Slovenia,SVN,2005,9.86
Slovenia,SVN,2006,13.97
Slovenia,SVN,2007,17.13
Slovenia,SVN,2008,21.02
Slovenia,SVN,2009,22.08
Slovenia,SVN,2010,23.03
Slovenia,SVN,2011,24.1
Slovenia,SVN,2012,24.75
Slovenia,SVN,2013,25.43
Slovenia,SVN,2014,26.88
Slovenia,SVN,2015,27.47
Slovenia,SVN,2016,28.41
Slovenia,SVN,2017,28.98
Slovenia,SVN,2018,29.49
Slovenia,SVN,2019,30.21
Slovenia,SVN,2020,31.34
Solomon Islands,SLB,2004,0.04
Solomon Islands,SLB,2005,0.1
Solomon Islands,SLB,2006,0.14
Solomon Islands,SLB,2007,0.2
Solomon Islands,SLB,2008,0.3
Solomon Islands,SLB,2009,0.39
Solomon Islands,SLB,2010,0.48
Solomon Islands,SLB,2011,0.45
Solomon Islands,SLB,2012,0.38
Solomon Islands,SLB,2013,0.33
Solomon Islands,SLB,2014,0.23
Solomon Islands,SLB,2015,0.24
Solomon Islands,SLB,2016,0.26
Solomon Islands,SLB,2017,0.18
Solomon Islands,SLB,2018,0.23
Solomon Islands,SLB,2019,0.16
Solomon Islands,SLB,2020,0.15
Somalia,SOM,2012,0.31
Somalia,SOM,2013,0.46
Somalia,SOM,2014,0.52
Somalia,SOM,2015,0.59
Somalia,SOM,2016,0.65
Somalia,SOM,2017,0.67
Somalia,SOM,2019,0.63
Somalia,SOM,2020,0.75
South Africa,ZAF,2002,0.01
South Africa,ZAF,2003,0.04
South Africa,ZAF,2004,0.13
South Africa,ZAF,2005,0.35
South Africa,ZAF,2006,0.69
South Africa,ZAF,2007,0.77
South Africa,ZAF,2008,0.86
South Africa,ZAF,2009,0.95
South Africa,ZAF,2010,1.45
South Africa,ZAF,2011,1.74
South Africa,ZAF,2012,2.1
South Africa,ZAF,2013,3.01
South Africa,ZAF,2014,3.13
South Africa,ZAF,2015,2.54
South Africa,ZAF,2016,2.05
South Africa,ZAF,2017,1.97
South Africa,ZAF,2018,1.92
South Africa,ZAF,2019,2.14
South Africa,ZAF,2020,2.2
South Asia,,2001,0.0
South Asia,,2002,0.01
South Asia,,2003,0.01
South Asia,,2004,0.02
South Asia,,2005,0.1
South Asia,,2006,0.17
South Asia,,2007,0.21
South Asia,,2008,0.35
South Asia,,2009,0.54
South Asia,,2010,0.76
South Asia,,2011,0.95
South Asia,,2012,1.05
South Asia,,2013,1.11
South Asia,,2014,1.26
South Asia,,2015,1.41
South Asia,,2016,1.63
South Asia,,2017,1.63
South Asia,,2018,1.69
South Asia,,2019,1.75
South Asia,,2020,2.08
South Korea,KOR,1998,0.03
South Korea,KOR,1999,0.59
South Korea,KOR,2000,8.17
South Korea,KOR,2001,16.39
South Korea,KOR,2002,21.68
South Korea,KOR,2003,23.16
South Korea,KOR,2004,24.58
South Korea,KOR,2005,25.03
South Korea,KOR,2006,28.73
South Korea,KOR,2007,30.0
South Korea,KOR,2008,31.46
South Korea,KOR,2009,33.13
South Korea,KOR,2010,34.7
South Korea,KOR,2011,35.87
South Korea,KOR,2012,36.46
South Korea,KOR,2013,37.22
South Korea,KOR,2014,37.94
South Korea,KOR,2015,39.4
South Korea,KOR,2016,40.32
South Korea,KOR,2017,41.48
South Korea,KOR,2018,41.6
South Korea,KOR,2019,42.76
South Korea,KOR,2020,43.55
South Sudan,SSD,2010,0.0
South Sudan,SSD,2011,0.0
South Sudan,SSD,2012,0.0
South Sudan,SSD,2013,0.0
South Sudan,SSD,2014,0.0
South Sudan,SSD,2015,0.0
South Sudan,SSD,2016,0.0
South Sudan,SSD,2017,0.0
South Sudan,SSD,2018,0.0
South Sudan,SSD,2019,0.0
Spain,ESP,2000,0.19
Spain,ESP,2001,1.13
Spain,ESP,2002,2.98
Spain,ESP,2003,4.98
Spain,ESP,2004,7.85
Spain,ESP,2005,11.44
Spain,ESP,2006,15.07
Spain,ESP,2007,17.73
Spain,ESP,2008,19.83
Spain,ESP,2009,21.04
Spain,ESP,2010,22.7
Spain,ESP,2011,23.72
Spain,ESP,2012,24.49
Spain,ESP,2013,26.11
Spain,ESP,2014,27.8
Spain,ESP,2015,29.02
Spain,ESP,2016,30.26
Spain,ESP,2017,31.44
Spain,ESP,2018,32.5
Spain,ESP,2019,33.41
Spain,ESP,2020,34.62
Sri Lanka,LKA,2001,0.0
Sri Lanka,LKA,2002,0.0
Sri Lanka,LKA,2003,0.02
Sri Lanka,LKA,2004,0.11
Sri Lanka,LKA,2005,0.11
Sri Lanka,LKA,2006,0.12
Sri Lanka,LKA,2007,0.32
Sri Lanka,LKA,2008,0.51
Sri Lanka,LKA,2009,0.84
Sri Lanka,LKA,2010,1.13
Sri Lanka,LKA,2011,1.76
Sri Lanka,LKA,2012,1.72
Sri Lanka,LKA,2013,2.05
Sri Lanka,LKA,2014,2.73
Sri Lanka,LKA,2015,2.99
Sri Lanka,LKA,2016,4.24
Sri Lanka,LKA,2017,5.78
Sri Lanka,LKA,2018,7.27
Sri Lanka,LKA,2019,7.81
Sri Lanka,LKA,2020,8.32
Sub-Saharan Africa,,2005,0.04
Sub-Saharan Africa,,2007,0.1
Sub-Saharan Africa,,2008,0.11
Sub-Saharan Africa,,2009,0.13
Sub-Saharan Africa,,2010,0.16
Sub-Saharan Africa,,2011,0.27
Sub-Saharan Africa,,2012,0.25
Sub-Saharan Africa,,2013,0.32
Sub-Saharan Africa,,2014,0.38
Sub-Saharan Africa,,2015,0.37
Sub-Saharan Africa,,2016,0.41
Sub-Saharan Africa,,2017,0.42
Sub-Saharan Africa,,2018,0.5
Sub-Saharan Africa,,2019,0.49
Sub-Saharan Africa,,2020,0.6
Sudan,SDN,2004,0.0
Sudan,SDN,2005,0.0
Sudan,SDN,2006,0.01
Sudan,SDN,2007,0.1
Sudan,SDN,2008,0.11
Sudan,SDN,2010,0.04
Sudan,SDN,2011,0.05
Sudan,SDN,2012,0.07
Sudan,SDN,2013,0.07
Sudan,SDN,2014,0.05
Sudan,SDN,2015,0.07
Sudan,SDN,2016,0.07
Sudan,SDN,2017,0.07
Sudan,SDN,2018,0.08
Sudan,SDN,2019,0.08
Sudan,SDN,2020,0.07
Suriname,SUR,2002,0.02
Suriname,SUR,2003,0.04
Suriname,SUR,2004,0.09
Suriname,SUR,2005,0.22
Suriname,SUR,2006,0.53
Suriname,SUR,2007,0.82
Suriname,SUR,2008,1.11
Suriname,SUR,2009,1.73
Suriname,SUR,2010,2.86
Suriname,SUR,2011,4.33
Suriname,SUR,2012,5.41
Suriname,SUR,2013,6.78
Suriname,SUR,2014,8.39
Suriname,SUR,2015,9.42
Suriname,SUR,2016,12.61
Suriname,SUR,2017,12.48
Suriname,SUR,2018,12.7
Suriname,SUR,2019,13.83
Suriname,SUR,2020,15.73
Sweden,SWE,2000,2.8
Sweden,SWE,2001,6.6
Sweden,SWE,2002,9.42
Sweden,SWE,2003,12.23
Sweden,SWE,2004,15.68
Sweden,SWE,2005,27.9
Sweden,SWE,2006,27.36
Sweden,SWE,2007,30.34
Sweden,SWE,2008,31.43
Sweden,SWE,2009,31.62
Sweden,SWE,2010,31.94
Sweden,SWE,2011,31.98
Sweden,SWE,2012,32.2
Sweden,SWE,2013,32.73
Sweden,SWE,2014,33.86
Sweden,SWE,2015,35.8
Sweden,SWE,2016,37.41
Sweden,SWE,2017,38.92
Sweden,SWE,2018,39.53
Sweden,SWE,2019,40.24
Sweden,SWE,2020,41.38
Switzerland,CHE,2000,0.79
Switzerland,CHE,2001,1.95
Switzerland,CHE,2002,6.3
Switzerland,CHE,2003,10.78
Switzerland,CHE,2004,16.76
Switzerland,CHE,2005,22.6
Switzerland,CHE,2006,27.49
Switzerland,CHE,2007,31.59
Switzerland,CHE,2008,33.53
Switzerland,CHE,2009,35.54
Switzerland,CHE,2010,37.31
Switzerland,CHE,2011,38.93
Switzerland,CHE,2012,40.11
Switzerland,CHE,2013,42.4
Switzerland,CHE,2014,43.09
Switzerland,CHE,2015,44.6
Switzerland,CHE,2016,45.06
Switzerland,CHE,2017,46.32
Switzerland,CHE,2018,45.56
Switzerland,CHE,2019,46.82
Switzerland,CHE,2020,46.54
Syria,SYR,2004,0.0
Syria,SYR,2005,0.01
Syria,SYR,2006,0.03
Syria,SYR,2007,0.03
Syria,SYR,2008,0.05
Syria,SYR,2009,0.16
Syria,SYR,2010,0.33
Syria,SYR,2011,0.58
Syria,SYR,2012,1.18
Syria,SYR,2013,1.77
Syria,SYR,2014,2.68
Syria,SYR,2015,4.05
Syria,SYR,2016,5.78
Syria,SYR,2017,8.32
Syria,SYR,2018,7.84
Syria,SYR,2019,8.73
Syria,SYR,2020,8.85
Tajikistan,TJK,2003,0.0
Tajikistan,TJK,2007,0.05
Tajikistan,TJK,2008,0.05
Tajikistan,TJK,2009,0.06
Tajikistan,TJK,2010,0.06
Tajikistan,TJK,2011,0.07
Tajikistan,TJK,2012,0.07
Tajikistan,TJK,2013,0.07
Tajikistan,TJK,2014,0.07
Tajikistan,TJK,2015,0.07
Tajikistan,TJK,2016,0.07
Tajikistan,TJK,2017,0.07
Tajikistan,TJK,2019,0.06
Tajikistan,TJK,2020,0.06
Tanzania,TZA,2005,0.01
Tanzania,TZA,2006,0.01
Tanzania,TZA,2007,0.01
Tanzania,TZA,2008,0.02
Tanzania,TZA,2009,0.02
Tanzania,TZA,2010,0.02
Tanzania,TZA,2011,0.06
Tanzania,TZA,2012,0.09
Tanzania,TZA,2013,0.12
Tanzania,TZA,2014,0.17
Tanzania,TZA,2015,0.21
Tanzania,TZA,2016,0.6
Tanzania,TZA,2017,1.4
Tanzania,TZA,2018,1.53
Tanzania,TZA,2019,1.79
Tanzania,TZA,2020,1.9
Thailand,THA,2001,0.0
Thailand,THA,2003,0.02
Thailand,THA,2004,0.25
Thailand,THA,2005,0.85
Thailand,THA,2006,1.36
Thailand,THA,2007,1.95
Thailand,THA,2008,3.12
Thailand,THA,2009,3.92
Thailand,THA,2010,4.84
Thailand,THA,2011,5.77
Thailand,THA,2012,6.66
Thailand,THA,2013,7.62
Thailand,THA,2014,7.95
Thailand,THA,2015,9.07
Thailand,THA,2016,10.47
Thailand,THA,2017,11.86
Thailand,THA,2018,13.24
Thailand,THA,2019,14.52
Thailand,THA,2020,16.44
Timor,TLS,2003,0.0
Timor,TLS,2004,0.0
Timor,TLS,2005,0.0
Timor,TLS,2006,0.0
Timor,TLS,2007,0.0
Timor,TLS,2008,0.01
Timor,TLS,2009,0.04
Timor,TLS,2010,0.05
Timor,TLS,2011,0.05
Timor,TLS,2012,0.05
Timor,TLS,2013,0.06
Timor,TLS,2014,0.09
Timor,TLS,2015,0.09
Timor,TLS,2016,0.05
Timor,TLS,2017,0.05
Timor,TLS,2018,0.0
Timor,TLS,2019,0.01
Timor,TLS,2020,0.01
Togo,TGO,2007,0.02
Togo,TGO,2008,0.03
Togo,TGO,2009,0.07
Togo,TGO,2010,0.42
Togo,TGO,2011,0.52
Togo,TGO,2012,0.61
Togo,TGO,2013,0.1
Togo,TGO,2014,0.18
Togo,TGO,2015,0.9
Togo,TGO,2016,0.65
Togo,TGO,2017,0.66
Togo,TGO,2018,0.33
Togo,TGO,2019,0.39
Togo,TGO,2020,0.64
Tonga,TON,2002,0.01
Tonga,TON,2003,0.02
Tonga,TON,2004,0.33
Tonga,TON,2005,0.64
Tonga,TON,2006,0.62
Tonga,TON,2007,0.76
Tonga,TON,2008,0.7
Tonga,TON,2009,0.96
Tonga,TON,2010,1.06
Tonga,TON,2011,1.26
Tonga,TON,2012,1.46
Tonga,TON,2013,1.67
Tonga,TON,2014,1.78
Tonga,TON,2015,2.44
Tonga,TON,2016,2.97
Tonga,TON,2017,2.94
Tonga,TON,2018,2.44
Tonga,TON,2019,3.54
Tonga,TON,2020,4.73
Trinidad and Tobago,TTO,2002,0.01
Trinidad and Tobago,TTO,2003,0.07
Trinidad and Tobago,TTO,2004,0.33
Trinidad and Tobago,TTO,2005,0.83
Trinidad and Tobago,TTO,2006,1.58
Trinidad and Tobago,TTO,2007,2.71
Trinidad and Tobago,TTO,2008,6.5
Trinidad and Tobago,TTO,2009,9.85
Trinidad and Tobago,TTO,2010,12.26
Trinidad and Tobago,TTO,2011,12.9
Trinidad and Tobago,TTO,2012,14.98
Trinidad and Tobago,TTO,2013,15.7
Trinidad and Tobago,TTO,2014,18.21
Trinidad and Tobago,TTO,2015,20.33
Trinidad and Tobago,TTO,2016,18.55
Trinidad and Tobago,TTO,2017,23.61
Trinidad and Tobago,TTO,2018,24.62
Trinidad and Tobago,TTO,2019,24.33
Trinidad and Tobago,TTO,2020,26.92
Tunisia,TUN,2002,0.0
Tunisia,TUN,2003,0.0
Tunisia,TUN,2004,0.03
Tunisia,TUN,2005,0.17
Tunisia,TUN,2006,0.43
Tunisia,TUN,2007,0.93
Tunisia,TUN,2008,2.18
Tunisia,TUN,2009,3.54
Tunisia,TUN,2010,4.53
Tunisia,TUN,2011,5.21
Tunisia,TUN,2012,4.86
Tunisia,TUN,2013,4.75
Tunisia,TUN,2014,5.13
Tunisia,TUN,2015,5.13
Tunisia,TUN,2016,5.66
Tunisia,TUN,2017,7.01
Tunisia,TUN,2018,8.77
Tunisia,TUN,2019,10.18
Tunisia,TUN,2020,11.29
Turkey,TUR,2001,0.02
Turkey,TUR,2002,0.03
Turkey,TUR,2003,0.3
Turkey,TUR,2004,0.86
Turkey,TUR,2005,2.34
Turkey,TUR,2006,4.03
Turkey,TUR,2007,6.83
Turkey,TUR,2008,8.18
Turkey,TUR,2009,9.04
Turkey,TUR,2010,9.81
Turkey,TUR,2011,10.34
Turkey,TUR,2012,10.54
Turkey,TUR,2013,11.71
Turkey,TUR,2014,11.48
Turkey,TUR,2015,12.1
Turkey,TUR,2016,13.15
Turkey,TUR,2017,14.7
Turkey,TUR,2018,16.28
Turkey,TUR,2019,17.06
Turkey,TUR,2020,19.84
Turkmenistan,TKM,2008,0.0
Turkmenistan,TKM,2009,0.01
Turkmenistan,TKM,2010,0.01
Turkmenistan,TKM,2011,0.02
Turkmenistan,TKM,2012,0.03
Turkmenistan,TKM,2013,0.03
Turkmenistan,TKM,2014,0.04
Turkmenistan,TKM,2015,0.05
Turkmenistan,TKM,2016,0.07
Turkmenistan,TKM,2017,0.09
Turkmenistan,TKM,2019,0.13
Turkmenistan,TKM,2020,0.17
Tuvalu,TUV,2004,0.51
Tuvalu,TUV,2005,1.5
Tuvalu,TUV,2006,2.47
Tuvalu,TUV,2007,2.64
Tuvalu,TUV,2008,2.81
Tuvalu,TUV,2009,0.96
Tuvalu,TUV,2010,2.28
Tuvalu,TUV,2011,4.23
Tuvalu,TUV,2012,4.19
Tuvalu,TUV,2013,4.14
Tuvalu,TUV,2014,4.1
Tuvalu,TUV,2015,4.05
Tuvalu,TUV,2016,4.01
Tuvalu,TUV,2017,3.96
Uganda,UGA,2005,0.0
Uganda,UGA,2006,0.0
Uganda,UGA,2007,0.01
Uganda,UGA,2008,0.02
Uganda,UGA,2009,0.02
Uganda,UGA,2010,0.04
Uganda,UGA,2011,0.11
Uganda,UGA,2012,0.11
Uganda,UGA,2013,0.12
Uganda,UGA,2014,0.15
Uganda,UGA,2015,0.21
Uganda,UGA,2016,0.23
Uganda,UGA,2019,0.07
Uganda,UGA,2020,0.13
Ukraine,UKR,2005,0.28
Ukraine,UKR,2006,1.12
Ukraine,UKR,2007,1.72
Ukraine,UKR,2008,3.46
Ukraine,UKR,2009,4.15
Ukraine,UKR,2010,6.45
Ukraine,UKR,2011,6.96
Ukraine,UKR,2012,8.04
Ukraine,UKR,2013,8.86
Ukraine,UKR,2014,9.31
Ukraine,UKR,2015,11.64
Ukraine,UKR,2016,12.03
Ukraine,UKR,2017,12.35
Ukraine,UKR,2018,12.8
Ukraine,UKR,2019,16.16
Ukraine,UKR,2020,18.62
United Arab Emirates,ARE,1999,0.01
United Arab Emirates,ARE,2000,0.06
United Arab Emirates,ARE,2001,0.25
United Arab Emirates,ARE,2002,0.48
United Arab Emirates,ARE,2003,0.82
United Arab Emirates,ARE,2004,1.38
United Arab Emirates,ARE,2005,2.82
United Arab Emirates,ARE,2006,4.54
United Arab Emirates,ARE,2007,6.16
United Arab Emirates,ARE,2008,7.86
United Arab Emirates,ARE,2009,8.72
United Arab Emirates,ARE,2010,9.2
United Arab Emirates,ARE,2011,9.69
United Arab Emirates,ARE,2012,10.45
United Arab Emirates,ARE,2013,11.33
United Arab Emirates,ARE,2014,11.85
United Arab Emirates,ARE,2015,13.33
United Arab Emirates,ARE,2016,13.86
United Arab Emirates,ARE,2017,29.11
United Arab Emirates,ARE,2018,31.4
United Arab Emirates,ARE,2019,31.17
United Arab Emirates,ARE,2020,32.81
United Kingdom,GBR,2000,0.09
United Kingdom,GBR,2001,0.56
United Kingdom,GBR,2002,2.29
United Kingdom,GBR,2003,5.23
United Kingdom,GBR,2004,10.23
United Kingdom,GBR,2005,16.42
United Kingdom,GBR,2006,21.4
United Kingdom,GBR,2007,25.39
United Kingdom,GBR,2008,27.85
United Kingdom,GBR,2009,28.45
United Kingdom,GBR,2010,30.18
United Kingdom,GBR,2011,32.16
United Kingdom,GBR,2012,33.61
United Kingdom,GBR,2013,35.45
United Kingdom,GBR,2014,36.27
United Kingdom,GBR,2015,37.45
United Kingdom,GBR,2016,38.42
United Kingdom,GBR,2017,39.03
United Kingdom,GBR,2018,39.6
United Kingdom,GBR,2019,39.79
United Kingdom,GBR,2020,40.26
United States,USA,1998,0.26
United States,USA,1999,0.99
United States,USA,2000,2.51
United States,USA,2001,4.49
United States,USA,2002,6.92
United States,USA,2003,9.57
United States,USA,2004,12.78
United States,USA,2005,17.34
United States,USA,2006,20.23
United States,USA,2007,23.85
United States,USA,2008,25.41
United States,USA,2009,26.11
United States,USA,2010,27.35
United States,USA,2011,28.34
United States,USA,2012,29.46
United States,USA,2013,30.35
United States,USA,2014,30.69
United States,USA,2015,31.85
United States,USA,2016,32.73
United States,USA,2017,33.28
United States,USA,2018,33.86
United States,USA,2019,34.73
United States,USA,2020,36.61
United States Virgin Islands,VIR,2004,1.37
United States Virgin Islands,VIR,2005,2.75
United States Virgin Islands,VIR,2007,5.54
United States Virgin Islands,VIR,2008,6.95
United States Virgin Islands,VIR,2009,8.46
United States Virgin Islands,VIR,2010,8.58
United States Virgin Islands,VIR,2013,8.64
United States Virgin Islands,VIR,2014,8.66
United States Virgin Islands,VIR,2015,8.57
Upper middle income,,2000,0.01
Upper middle income,,2001,0.05
Upper middle income,,2002,0.22
Upper middle income,,2003,0.65
Upper middle income,,2004,1.46
Upper middle income,,2005,2.2
Upper middle income,,2006,3.13
Upper middle income,,2007,4.31
Upper middle income,,2008,5.62
Upper middle income,,2009,6.99
Upper middle income,,2010,8.39
Upper middle income,,2011,10.3
Upper middle income,,2012,11.44
Upper middle income,,2013,12.38
Upper middle income,,2014,13.08
Upper middle income,,2015,16.5
Upper middle income,,2016,18.53
Upper middle income,,2017,21.64
Upper middle income,,2018,22.65
Upper middle income,,2019,24.2
Upper middle income,,2020,26.08
Uruguay,URY,2004,0.81
Uruguay,URY,2005,1.46
Uruguay,URY,2006,3.21
Uruguay,URY,2007,4.95
Uruguay,URY,2008,7.32
Uruguay,URY,2009,9.48
Uruguay,URY,2010,11.42
Uruguay,URY,2011,14.04
Uruguay,URY,2012,17.18
Uruguay,URY,2013,21.75
Uruguay,URY,2014,24.71
Uruguay,URY,2015,26.4
Uruguay,URY,2016,26.92
Uruguay,URY,2017,27.74
Uruguay,URY,2018,28.34
Uruguay,URY,2019,29.25
Uruguay,URY,2020,30.62
Uzbekistan,UZB,2003,0.01
Uzbekistan,UZB,2004,0.02
Uzbekistan,UZB,2005,0.03
Uzbekistan,UZB,2006,0.03
Uzbekistan,UZB,2007,0.07
Uzbekistan,UZB,2008,0.24
Uzbekistan,UZB,2009,0.32
Uzbekistan,UZB,2010,0.41
Uzbekistan,UZB,2011,0.51
Uzbekistan,UZB,2012,0.75
Uzbekistan,UZB,2013,1.02
Uzbekistan,UZB,2014,2.7
Uzbekistan,UZB,2015,5.78
Uzbekistan,UZB,2016,8.73
Uzbekistan,UZB,2017,10.39
Uzbekistan,UZB,2018,12.7
Uzbekistan,UZB,2019,13.94
Uzbekistan,UZB,2020,14.4
Vanuatu,VUT,2003,0.01
Vanuatu,VUT,2004,0.01
Vanuatu,VUT,2005,0.03
Vanuatu,VUT,2006,0.04
Vanuatu,VUT,2007,0.06
Vanuatu,VUT,2008,0.09
Vanuatu,VUT,2009,0.22
Vanuatu,VUT,2010,0.21
Vanuatu,VUT,2011,0.14
Vanuatu,VUT,2012,0.12
Vanuatu,VUT,2013,0.12
Vanuatu,VUT,2014,1.73
Vanuatu,VUT,2015,1.58
Vanuatu,VUT,2016,1.58
Vanuatu,VUT,2019,2.63
Vanuatu,VUT,2020,0.91
Venezuela,VEN,2000,0.02
Venezuela,VEN,2001,0.15
Venezuela,VEN,2002,0.31
Venezuela,VEN,2003,0.46
Venezuela,VEN,2004,0.81
Venezuela,VEN,2005,1.35
Venezuela,VEN,2006,2.0
Venezuela,VEN,2007,3.15
Venezuela,VEN,2008,4.04
Venezuela,VEN,2009,5.0
Venezuela,VEN,2010,5.88
Venezuela,VEN,2011,6.29
Venezuela,VEN,2012,6.94
Venezuela,VEN,2013,7.5
Venezuela,VEN,2014,7.99
Venezuela,VEN,2015,8.61
Venezuela,VEN,2016,8.76
Venezuela,VEN,2017,8.87
Venezuela,VEN,2018,9.02
Venezuela,VEN,2019,8.98
Venezuela,VEN,2020,9.01
Vietnam,VNM,2002,0.0
Vietnam,VNM,2003,0.01
Vietnam,VNM,2004,0.06
Vietnam,VNM,2005,0.25
Vietnam,VNM,2006,0.61
Vietnam,VNM,2007,1.52
Vietnam,VNM,2008,2.38
Vietnam,VNM,2009,3.69
Vietnam,VNM,2010,4.17
Vietnam,VNM,2011,4.32
Vietnam,VNM,2012,5.32
Vietnam,VNM,2013,5.68
Vietnam,VNM,2014,6.54
Vietnam,VNM,2015,8.26
Vietnam,VNM,2016,9.72
Vietnam,VNM,2017,11.91
Vietnam,VNM,2018,13.6
Vietnam,VNM,2019,15.35
Vietnam,VNM,2020,17.16
World,OWID_WRL,2001,0.84
World,OWID_WRL,2002,1.34
World,OWID_WRL,2003,1.98
World,OWID_WRL,2004,2.94
World,OWID_WRL,2005,3.66
World,OWID_WRL,2006,4.65
World,OWID_WRL,2007,5.37
World,OWID_WRL,2008,6.26
World,OWID_WRL,2009,7.1
World,OWID_WRL,2010,7.85
World,OWID_WRL,2011,8.99
World,OWID_WRL,2012,9.36
World,OWID_WRL,2013,9.78
World,OWID_WRL,2014,10.19
World,OWID_WRL,2015,11.52
World,OWID_WRL,2016,12.43
World,OWID_WRL,2017,13.76
World,OWID_WRL,2018,14.58
World,OWID_WRL,2019,14.89
World,OWID_WRL,2020,15.89
Yemen,YEM,2005,0.01
Yemen,YEM,2006,0.01
Yemen,YEM,2007,0.05
Yemen,YEM,2008,0.12
Yemen,YEM,2009,0.24
Yemen,YEM,2010,0.36
Yemen,YEM,2011,0.46
Yemen,YEM,2012,0.68
Yemen,YEM,2013,1.02
Yemen,YEM,2014,1.32
Yemen,YEM,2015,1.49
Yemen,YEM,2016,1.02
Yemen,YEM,2017,1.33
Yemen,YEM,2018,1.36
Yemen,YEM,2019,1.31
Yemen,YEM,2020,1.31
Zambia,ZMB,2000,0.0
Zambia,ZMB,2001,0.0
Zambia,ZMB,2002,0.0
Zambia,ZMB,2003,0.0
Zambia,ZMB,2004,0.0
Zambia,ZMB,2005,0.0
Zambia,ZMB,2006,0.02
Zambia,ZMB,2007,0.03
Zambia,ZMB,2008,0.04
Zambia,ZMB,2009,0.08
Zambia,ZMB,2010,0.08
Zambia,ZMB,2011,0.12
Zambia,ZMB,2012,0.1
Zambia,ZMB,2013,0.09
Zambia,ZMB,2014,0.13
Zambia,ZMB,2015,0.15
Zambia,ZMB,2016,0.19
Zambia,ZMB,2017,0.21
Zambia,ZMB,2018,0.42
Zambia,ZMB,2019,0.5
Zambia,ZMB,2020,0.45
Zimbabwe,ZWE,2001,0.01
Zimbabwe,ZWE,2002,0.02
Zimbabwe,ZWE,2003,0.05
Zimbabwe,ZWE,2004,0.07
Zimbabwe,ZWE,2005,0.08
Zimbabwe,ZWE,2006,0.08
Zimbabwe,ZWE,2007,0.12
Zimbabwe,ZWE,2008,0.15
Zimbabwe,ZWE,2009,0.38
Zimbabwe,ZWE,2010,0.26
Zimbabwe,ZWE,2011,0.26
Zimbabwe,ZWE,2012,0.55
Zimbabwe,ZWE,2013,0.78
Zimbabwe,ZWE,2014,1.12
Zimbabwe,ZWE,2015,1.19
Zimbabwe,ZWE,2016,1.22
Zimbabwe,ZWE,2017,1.32
Zimbabwe,ZWE,2018,1.41
Zimbabwe,ZWE,2019,1.4
Zimbabwe,ZWE,2020,1.37
